haplotype,sequence,ep,mhcn
HLA-A*24:02,IIWFLSALF,1,2071
HLA-B*08:01,GEGFVPIKY,2,1645
HLA-B*07:02,SRYHAQDIF,3,292
HLA-B*18:01,KVDNVFEKS,4,1672
HLA-B*58:01,HCPMGEEPP,5,1546
HLA-B*18:01,TDWDHSEQG,6,1711
HLA-A*03:01,YPQFCDNRP,7,744
HLA-A*02:01,ENFDCFRWW,8,1523
HLA-B*39:01,GSKTSFIPT,9,1414
HLA-B*08:01,MNMRQVMPW,10,2204
HLA-B*40:02,RCESEIYNH,11,1298
HLA-B*15:01,PDHLLNFDS,12,1326
HLA-B*07:02,MVVHFMPLY,13,708
HLA-B*07:02,RCDAKEPWN,14,1345
HLA-B*15:01,NQVLVIDLY,15,728
HLA-A*24:02,LLAGRMPVL,16,927
HLA-B*40:02,TAREDPCIP,17,557
HLA-B*27:05,FHATHWWGF,18,646
HLA-B*08:01,FVGEWWAIH,19,995
HLA-B*27:05,FALHGDVGA,20,1257
HLA-A*26:01,WNWLCQQKA,21,2267
HLA-A*02:01,NYVQMVTMV,22,2329
HLA-A*24:02,KVDNVFEKS,23,1668
HLA-B*58:01,FHATHWWGF,24,649
HLA-A*26:01,AHIDSQNKW,25,343
HLA-A*26:01,TAANSKHCV,26,1084
HLA-B*39:01,DQTPCSIHA,27,1232
HLA-B*58:01,KCKIEYPDK,28,2378
HLA-A*24:02,PVHRYTQDV,29,784
HLA-B*18:01,ASTELYYWH,30,2530
HLA-B*40:02,CHACFGVDP,31,128
HLA-B*39:01,VAAWMKILF,32,2155
HLA-B*40:02,LDRVLDYLH,33,76
HLA-B*08:01,KVDNVFEKS,34,1671
HLA-A*24:02,EIVHCHLEG,35,368
HLA-B*18:01,KSEFDRVMQ,36,1945
HLA-B*40:02,PVNEDWHNM,37,1623
HLA-B*27:05,HWPMHISAG,38,1010
HLA-B*07:02,FDNDWCEIK,39,1241
HLA-A*01:01,GSKTSFIPT,40,1405
HLA-B*58:01,IIWFLSALF,41,2079
HLA-A*01:01,DITMVKQFC,42,2081
HLA-B*40:02,WCQYGAREK,43,2429
HLA-B*08:01,CIICWSYWK,44,540
HLA-B*27:05,MRISVQQPC,45,1790
HLA-B*39:01,FKLLPIPKK,46,1804
HLA-A*24:02,VNFCNLITW,47,2123
HLA-B*08:01,FMGISYDQA,48,319
HLA-A*26:01,TCWCRDKLR,49,824
HLA-A*03:01,RCESEIYNH,50,1290
HLA-B*58:01,HWPMHISAG,51,1013
HLA-A*26:01,NSLDSATHH,52,1981
HLA-A*24:02,SRYHAQDIF,53,290
HLA-B*07:02,DAWSILEIA,54,851
HLA-A*01:01,FCTIERYKL,55,430
HLA-B*18:01,GYNVFPSNG,56,1464
HLA-B*39:01,VPVWESKYT,57,23
HLA-A*03:01,VNFCNLITW,58,2122
HLA-B*15:01,PYYLHAQAT,59,2457
HLA-B*40:02,RCDAKEPWN,60,1350
HLA-B*58:01,TDWDHSEQG,61,1715
HLA-A*02:01,FNALSVGRK,62,2108
HLA-A*02:01,CFHDCVCIW,63,2485
HLA-A*26:01,AYVIRLFVH,64,2384
HLA-B*18:01,ITILSGTDL,65,1204
HLA-B*40:02,AHIDSQNKW,66,349
HLA-B*58:01,WMHRIKTTI,67,519
HLA-A*24:02,GLKWMKMGL,68,1096
HLA-A*26:01,MRISVQQPC,69,1786
HLA-B*39:01,CRAWPPYSD,70,2415
HLA-B*07:02,WHIGWYRPP,71,214
HLA-A*26:01,GLKWMKMGL,72,1097
HLA-B*27:05,HCPMGEEPP,73,1543
HLA-B*40:02,WHIGWYRPP,74,219
HLA-B*18:01,DAWSILEIA,75,853
HLA-B*15:01,SDWSIALHS,76,2314
HLA-A*03:01,QKPRCVVCP,77,328
HLA-A*01:01,FWFLQPHSW,78,2003
HLA-B*27:05,IQWEGFIKH,79,2167
HLA-B*08:01,RCESEIYNH,80,1294
HLA-B*18:01,NLCKRGIPM,81,1438
HLA-A*01:01,FNECVQQQH,82,1743
HLA-A*03:01,DRCPFMPCM,83,731
HLA-A*24:02,DITMVKQFC,84,2084
HLA-A*03:01,NYVQMVTMV,85,2330
HLA-B*15:01,IEHEEMSIP,86,494
HLA-A*02:01,RTLDMRSSV,87,1887
HLA-B*15:01,NFVRQYQEW,88,2600
HLA-B*08:01,AGDPSSYVM,89,150
HLA-B*58:01,CIICWSYWK,90,545
HLA-B*18:01,YTCEDKKCE,91,190
HLA-A*01:01,NYVQMVTMV,92,2328
HLA-A*02:01,NQVLVIDLY,93,717
HLA-B*08:01,DKECWSCWH,94,1567
HLA-A*01:01,FTKNDSEYW,95,1171
HLA-A*03:01,ICARRQPWC,96,1329
HLA-B*39:01,EPVMTQHKF,97,803
HLA-B*18:01,RRQFRRIHV,98,2192
HLA-B*07:02,YDSFKEWRE,99,162
HLA-B*18:01,LLAGRMPVL,100,931
HLA-A*03:01,WHKTTNETY,101,900
HLA-B*15:01,WYVGTWGHS,102,2444
HLA-A*01:01,NKVALWICH,103,2354
HLA-B*15:01,IMMQLTQDI,104,1222
HLA-A*24:02,SFREDAKMQ,105,2045
HLA-A*02:01,DVPVVMVIQ,106,1692
HLA-B*39:01,EMYMHETTA,107,1882
HLA-B*18:01,NEIDSSYWS,108,268
HLA-B*58:01,TDHAQLYTS,109,116
HLA-A*01:01,MADLCRHVD,110,1990
HLA-B*27:05,NFGHCCFDE,111,1829
HLA-A*26:01,ENFDCFRWW,112,1526
HLA-A*26:01,SQWMPHHWN,113,1838
HLA-A*24:02,CNMFKPGQH,114,355
HLA-A*01:01,MVGTQLCML,115,2315
HLA-A*01:01,FIIGNDGFN,116,2029
HLA-B*07:02,AGDPSSYVM,117,149
HLA-A*02:01,DTHSDIFHS,118,860
HLA-A*01:01,CLRVRKQMM,119,1054
HLA-B*58:01,ACPDFGKQM,120,2027
HLA-B*58:01,DCAAPIHNP,121,2469
HLA-B*15:01,DQACLWGTG,122,507
HLA-B*07:02,RHLEQRPGA,123,1969
HLA-B*39:01,IQWEGFIKH,124,2168
HLA-B*58:01,DVPVVMVIQ,125,1702
HLA-B*58:01,PYYLHAQAT,126,2456
HLA-B*27:05,GQPGCMLKT,127,971
HLA-B*40:02,PYYLHAQAT,128,2455
HLA-A*26:01,RSTIILWFF,129,1812
HLA-B*27:05,FDNDWCEIK,130,1244
HLA-A*24:02,KCKIEYPDK,131,2370
HLA-B*27:05,MVNWSYTAP,132,776
HLA-A*01:01,VAAWMKILF,133,2146
HLA-B*18:01,MREKSKMMY,134,1607
HLA-B*39:01,CNWVAWHRK,135,413
HLA-B*58:01,EIVHCHLEG,136,376
HLA-A*02:01,DAWSILEIA,137,847
HLA-B*40:02,DRCPFMPCM,138,739
HLA-A*02:01,WQRNRYLSS,139,457
HLA-B*08:01,CAQHYTIMH,140,306
HLA-B*18:01,GQPGCMLKT,141,970
HLA-A*02:01,QDCKPQIKM,142,2056
HLA-B*15:01,CNMFKPGQH,143,364
HLA-B*08:01,MCDFYGHQM,144,1580
HLA-B*15:01,LQRMHARYV,145,2249
HLA-A*02:01,EAECPPFFG,146,1029
HLA-A*26:01,MREKSKMMY,147,1604
HLA-A*01:01,KGCNVRETL,148,1899
HLA-A*26:01,CFTQINHRH,149,2280
HLA-B*08:01,KDKYRWMQP,150,2568
HLA-A*01:01,YYPRDWTQF,151,599
HLA-B*07:02,EAECPPFFG,152,1033
HLA-B*15:01,MFEQPPTGW,153,2509
HLA-B*08:01,QKKCRHQIG,154,2555
HLA-A*03:01,NAFAKVSIT,155,2135
HLA-B*15:01,LDRVLDYLH,156,78
HLA-B*39:01,TEENVCWDH,157,959
HLA-B*08:01,FCTIERYKL,158,436
HLA-B*07:02,STRQDFPVN,159,1423
HLA-B*07:02,FNECVQQQH,160,1748
HLA-A*26:01,YDSFKEWRE,161,161
HLA-A*03:01,HCPMGEEPP,162,1537
HLA-A*24:02,AHIDSQNKW,163,342
HLA-B*39:01,WHKTTNETY,164,907
HLA-B*40:02,CNWVAWHRK,165,414
HLA-A*01:01,ACLQVCVAN,166,1106
HLA-A*02:01,LLAGRMPVL,167,925
HLA-B*18:01,DQTPCSIHA,168,1230
HLA-B*39:01,WHSNINNKV,169,1128
HLA-B*27:05,GISVIAPAY,170,48
HLA-B*27:05,ENFDCFRWW,171,1530
HLA-B*07:02,VSLKKCMIR,172,695
HLA-A*26:01,FIIGNDGFN,173,2033
HLA-A*03:01,MVNWSYTAP,174,770
HLA-A*24:02,PMPADPDNK,175,1655
HLA-B*07:02,TAANSKHCV,176,1085
HLA-B*15:01,QDCKPQIKM,177,2067
HLA-A*02:01,WCRKNYLKK,178,886
HLA-B*15:01,WCRKNYLKK,179,897
HLA-A*24:02,SGWWPGFHT,180,56
HLA-B*58:01,WCMVENPMN,181,428
HLA-B*58:01,FKLLPIPKK,182,1806
HLA-A*26:01,TAREDPCIP,183,551
HLA-A*03:01,PGVGDKKSI,184,2252
HLA-A*24:02,DCAAPIHNP,185,2461
HLA-B*08:01,IEHEEMSIP,186,488
HLA-B*58:01,LKDDFRPTY,187,2586
HLA-B*58:01,CNMFKPGQH,188,363
HLA-B*08:01,PYYLHAQAT,189,2451
HLA-A*01:01,TAIGGNPLC,190,1262
HLA-B*27:05,KYEVHSIDA,191,1634
HLA-B*08:01,CHACFGVDP,192,124
HLA-A*24:02,FLAHTPIGE,193,667
HLA-B*39:01,FNFQNMNLC,194,140
HLA-B*27:05,AHIDSQNKW,195,347
HLA-B*15:01,CRAWPPYSD,196,2418
HLA-B*39:01,YTCEDKKCE,197,192
HLA-B*40:02,YDSFKEWRE,198,167
HLA-A*26:01,VRYSGGALF,199,2293
HLA-B*39:01,DVPVVMVIQ,200,1700
HLA-A*03:01,GIRVLENFD,201,679
HLA-A*03:01,TCLWSFQLR,202,874
HLA-B*40:02,IMMQLTQDI,203,1220
HLA-B*07:02,DCAAPIHNP,204,2463
HLA-B*08:01,HLKTAEGIV,205,85
HLA-A*01:01,PWVLFPFCA,206,378
HLA-A*01:01,KYEVHSIDA,207,1626
HLA-B*40:02,GNAWQVFVV,208,2234
HLA-A*26:01,LWAQVLMAQ,209,1474
HLA-B*18:01,SNADWNHPP,210,2101
HLA-B*39:01,TCWCRDKLR,211,829
HLA-B*27:05,SMECVPMAP,212,945
HLA-A*01:01,RKAKMGLWS,213,1041
HLA-B*58:01,RCDAKEPWN,214,1351
HLA-A*24:02,LQRMHARYV,215,2240
HLA-B*40:02,QPPYMEWFI,216,1454
HLA-B*39:01,FMHLRYTFV,217,1869
HLA-B*27:05,PMPADPDNK,218,1660
HLA-A*24:02,NFVRQYQEW,219,2591
HLA-A*02:01,NPHCNWFSY,220,1926
HLA-B*08:01,YTCEDKKCE,221,189
HLA-B*07:02,NYVQMVTMV,222,2333
HLA-A*01:01,TCWCRDKLR,223,820
HLA-B*07:02,HECAQKHRH,224,240
HLA-A*24:02,TDHAQLYTS,225,108
HLA-B*18:01,IQWEGFIKH,226,2166
HLA-A*26:01,RGLHNALYW,227,915
HLA-B*58:01,QKPRCVVCP,228,337
HLA-B*07:02,QRKDGLVNL,229,1592
HLA-A*01:01,QKPRCVVCP,230,326
HLA-A*02:01,MVGTQLCML,231,2316
HLA-A*01:01,EMYMHETTA,232,1873
HLA-B*39:01,MADLCRHVD,233,1999
HLA-B*40:02,KGCNVRETL,234,1909
HLA-B*58:01,KDKYRWMQP,235,2573
HLA-A*03:01,CFTQINHRH,236,2278
HLA-A*01:01,LDRVLDYLH,237,66
HLA-B*40:02,SEIRLPRDW,238,583
HLA-B*15:01,NSSSECISA,239,286
HLA-A*02:01,MFEQPPTGW,240,2498
HLA-B*08:01,TAANSKHCV,241,1086
HLA-B*40:02,MVGTQLCML,242,2325
HLA-A*26:01,PDHLLNFDS,243,1318
HLA-B*40:02,KLYAYTTGE,244,401
HLA-B*58:01,QCCDECFIF,245,1169
HLA-B*15:01,TCLWSFQLR,246,884
HLA-B*08:01,GYNVFPSNG,247,1463
HLA-B*08:01,CCLMMTRRR,248,475
HLA-B*07:02,DVPVVMVIQ,249,1696
HLA-B*58:01,VNFCNLITW,250,2131
HLA-B*15:01,LWAQVLMAQ,251,1482
HLA-B*08:01,YMISKDNKT,252,449
HLA-A*24:02,TEENVCWDH,253,953
HLA-B*07:02,YPQFCDNRP,254,747
HLA-B*18:01,RWNPEASNF,255,1516
HLA-B*27:05,PWVLFPFCA,256,386
HLA-B*39:01,PYYLHAQAT,257,2454
HLA-B*08:01,VNFCNLITW,258,2126
HLA-B*40:02,FDNDWCEIK,259,1246
HLA-A*02:01,FALHGDVGA,260,1250
HLA-A*02:01,PYYLHAQAT,261,2446
HLA-B*18:01,REQQPQWHC,262,8
HLA-B*08:01,KAAPSVRSV,263,1281
HLA-B*40:02,LKDDFRPTY,264,2585
HLA-A*03:01,IRTFCGLPD,265,29
HLA-B*15:01,PACTTEQCW,266,260
HLA-A*03:01,RNTCEQTME,267,627
HLA-B*58:01,IMMQLTQDI,268,1221
HLA-B*39:01,MVGTQLCML,269,2324
HLA-B*18:01,KYEVHSIDA,270,1633
HLA-B*08:01,TAREDPCIP,271,553
HLA-B*15:01,TAREDPCIP,272,559
HLA-B*08:01,WHSNINNKV,273,1125
HLA-A*24:02,LKDDFRPTY,274,2578
HLA-B*40:02,CRAWPPYSD,275,2416
HLA-B*39:01,LLAGRMPVL,276,933
HLA-B*18:01,FCTIERYKL,277,437
HLA-B*40:02,FCTIERYKL,278,440
HLA-A*24:02,NFGHCCFDE,279,1824
HLA-A*02:01,IMMQLTQDI,280,1211
HLA-A*01:01,DKATFHFHP,281,755
HLA-A*01:01,LWAQVLMAQ,282,1470
HLA-A*26:01,FTRFNGMAK,283,1734
HLA-B*07:02,KVDNVFEKS,284,1670
HLA-B*15:01,GQPGCMLKT,285,975
HLA-B*15:01,HLKTAEGIV,286,91
HLA-B*08:01,PWVLFPFCA,287,384
HLA-A*01:01,FMHLRYTFV,288,1860
HLA-B*08:01,STRQDFPVN,289,1424
HLA-B*18:01,NVTIFDSSM,290,1724
HLA-B*07:02,PWVLFPFCA,291,383
HLA-A*26:01,STRQDFPVN,292,1422
HLA-A*03:01,NEIDSSYWS,293,263
HLA-A*24:02,DAWSILEIA,294,849
HLA-B*18:01,HDYQEHCSV,295,814
HLA-B*08:01,MVVHFMPLY,296,709
HLA-B*15:01,CCLHLCGMY,297,1027
HLA-B*58:01,FTKNDSEYW,298,1182
HLA-A*02:01,YYPRDWTQF,299,600
HLA-B*18:01,RSTIILWFF,300,1815
HLA-B*18:01,WYVGTWGHS,301,2439
HLA-B*18:01,WQRNRYLSS,302,463
HLA-B*40:02,RGLHNALYW,303,921
HLA-A*24:02,FMHLRYTFV,304,1863
HLA-B*15:01,CHACFGVDP,305,130
HLA-B*40:02,WQRNRYLSS,306,466
HLA-A*26:01,LQRMHARYV,307,2241
HLA-B*58:01,CCLMMTRRR,308,480
HLA-B*58:01,RGCFSQLAF,309,1377
HLA-A*03:01,KLYAYTTGE,310,393
HLA-B*15:01,FHATHWWGF,311,650
HLA-A*01:01,CRAWPPYSD,312,2406
HLA-B*39:01,RTLDMRSSV,313,1895
HLA-B*08:01,RKAKMGLWS,314,1047
HLA-A*03:01,RFDVWMFCA,315,172
HLA-A*01:01,QCAFIVMWH,316,1145
HLA-B*15:01,NYVQMVTMV,317,2340
HLA-A*24:02,SVHDGHLMA,318,2175
HLA-A*02:01,VNFCNLITW,319,2121
HLA-A*02:01,GYNVFPSNG,320,1458
HLA-B*08:01,QDCKPQIKM,321,2061
HLA-B*58:01,DDIEMMLHS,322,1403
HLA-B*27:05,IGHPALYWC,323,1556
HLA-A*26:01,SMECVPMAP,324,941
HLA-B*15:01,QKPRCVVCP,325,338
HLA-B*15:01,NSLDSATHH,326,1989
HLA-B*27:05,DKECWSCWH,327,1569
HLA-A*03:01,WMLDMYWCA,328,614
HLA-B*15:01,CCLMMTRRR,329,481
HLA-B*40:02,FLAHTPIGE,330,674
HLA-B*08:01,WYVGTWGHS,331,2438
HLA-A*24:02,HDYQEHCSV,332,810
HLA-B*07:02,FCTIERYKL,333,435
HLA-B*27:05,DAWSILEIA,334,854
HLA-B*15:01,YMISKDNKT,335,455
HLA-B*40:02,TAANSKHCV,336,1090
HLA-B*58:01,PWVLFPFCA,337,389
HLA-B*58:01,TAANSKHCV,338,1091
HLA-B*15:01,RKIPANKFE,339,572
HLA-A*01:01,MVVHFMPLY,340,703
HLA-B*18:01,NSSSECISA,341,281
HLA-B*08:01,DVPVVMVIQ,342,1697
HLA-A*03:01,DCAAPIHNP,343,2460
HLA-B*27:05,EMYMHETTA,344,1881
HLA-A*01:01,RNTCEQTME,345,625
HLA-A*24:02,LDRVLDYLH,346,69
HLA-A*24:02,CAQHYTIMH,347,303
HLA-A*03:01,WQRNRYLSS,348,458
HLA-B*07:02,IGHPALYWC,349,1553
HLA-A*26:01,NQVLVIDLY,350,720
HLA-B*08:01,KIYDDYWSK,351,839
HLA-B*15:01,PVHRYTQDV,352,793
HLA-B*08:01,GIEEDDVTF,353,1489
HLA-B*27:05,TAIGGNPLC,354,1270
HLA-A*26:01,CNWVAWHRK,355,408
HLA-B*18:01,AMAHYNEWL,356,1386
HLA-B*07:02,VPVWESKYT,357,19
HLA-B*40:02,TAIGGNPLC,358,1272
HLA-B*15:01,PWVLFPFCA,359,390
HLA-A*26:01,TAIGGNPLC,360,1266
HLA-A*02:01,ASTELYYWH,361,2524
HLA-A*02:01,WMLDMYWCA,362,613
HLA-B*08:01,AMAHYNEWL,363,1385
HLA-B*39:01,SMSDPQHRE,364,1310
HLA-B*07:02,CCLMMTRRR,365,474
HLA-B*39:01,IMMQLTQDI,366,1219
HLA-B*40:02,DTHSDIFHS,367,869
HLA-B*08:01,LMEKNSGFH,368,202
HLA-B*08:01,NPHCNWFSY,369,1931
HLA-B*07:02,RRQFRRIHV,370,2190
HLA-B*18:01,CIICWSYWK,371,541
HLA-A*26:01,YPQFCDNRP,372,746
HLA-B*08:01,SFREDAKMQ,373,2048
HLA-B*08:01,FPCEGSWWH,374,2347
HLA-B*58:01,SMECVPMAP,375,948
HLA-A*02:01,KYEVHSIDA,376,1627
HLA-B*27:05,DITMVKQFC,377,2089
HLA-A*26:01,FMHLRYTFV,378,1864
HLA-A*24:02,GEGFVPIKY,379,1642
HLA-B*58:01,CRAWPPYSD,380,2417
HLA-B*40:02,KEYHMDISG,381,986
HLA-B*18:01,EMYMHETTA,382,1880
HLA-A*01:01,WCRKNYLKK,383,885
HLA-B*08:01,RHLEQRPGA,384,1970
HLA-B*40:02,MFEQPPTGW,385,2507
HLA-A*26:01,FPCEGSWWH,386,2345
HLA-A*02:01,EPVMTQHKF,387,795
HLA-A*26:01,FKLLPIPKK,388,1799
HLA-B*58:01,RKAKMGLWS,389,1052
HLA-A*26:01,DKECWSCWH,390,1565
HLA-A*01:01,ENFDCFRWW,391,1522
HLA-A*01:01,RGLHNALYW,392,911
HLA-B*08:01,KYEVHSIDA,393,1632
HLA-A*24:02,DTHSDIFHS,394,862
HLA-B*18:01,TAIGGNPLC,395,1269
HLA-B*07:02,NKVALWICH,396,2359
HLA-B*40:02,NVTIFDSSM,397,1727
HLA-A*26:01,AMAHYNEWL,398,1383
HLA-B*07:02,GQPGCMLKT,399,968
HLA-A*02:01,FIIGNDGFN,400,2030
HLA-B*07:02,CVWWMIIWG,401,1189
HLA-A*26:01,VSLKKCMIR,402,694
HLA-A*03:01,CVWWMIIWG,403,1186
HLA-A*26:01,RTLDMRSSV,404,1890
HLA-A*26:01,QDCKPQIKM,405,2059
HLA-B*27:05,FNECVQQQH,406,1751
HLA-B*39:01,DITMVKQFC,407,2090
HLA-A*26:01,SVHDGHLMA,408,2176
HLA-A*03:01,STRQDFPVN,409,1420
HLA-B*39:01,STRQDFPVN,410,1427
HLA-B*07:02,WYVGTWGHS,411,2437
HLA-B*07:02,KMPWVEACF,412,1137
HLA-A*01:01,CVWWMIIWG,413,1184
HLA-A*24:02,SMSDPQHRE,414,1304
HLA-B*39:01,NSLDSATHH,415,1986
HLA-B*18:01,KIYDDYWSK,416,840
HLA-A*01:01,FNFQNMNLC,417,131
HLA-B*39:01,QPPYMEWFI,418,1453
HLA-B*18:01,YLIWHSGCP,419,2218
HLA-A*03:01,FTKNDSEYW,420,1173
HLA-A*03:01,TAANSKHCV,421,1082
HLA-A*24:02,KLYAYTTGE,422,394
HLA-B*40:02,WHSNINNKV,423,1129
HLA-A*26:01,EAECPPFFG,424,1032
HLA-B*15:01,RRQFRRIHV,425,2197
HLA-B*39:01,RCDAKEPWN,426,1349
HLA-B*18:01,TCWCRDKLR,427,827
HLA-B*58:01,SRYHAQDIF,428,298
HLA-B*58:01,AHIDSQNKW,429,350
HLA-A*24:02,CNWVAWHRK,430,407
HLA-B*40:02,MAAHQRMHL,431,1363
HLA-A*24:02,FPCEGSWWH,432,2344
HLA-A*26:01,ASTELYYWH,433,2527
HLA-B*58:01,MFEQPPTGW,434,2508
HLA-B*27:05,SNADWNHPP,435,2102
HLA-B*27:05,YYPRDWTQF,436,607
HLA-B*39:01,NAFAKVSIT,437,2142
HLA-B*58:01,LQRMHARYV,438,2248
HLA-A*01:01,STRQDFPVN,439,1418
HLA-B*07:02,DRCPFMPCM,440,734
HLA-A*02:01,SMECVPMAP,441,938
HLA-B*08:01,SEIRLPRDW,442,579
HLA-B*15:01,FVGEWWAIH,443,1001
HLA-B*15:01,IQMDKWANV,444,2522
HLA-A*24:02,WNWLCQQKA,445,2266
HLA-A*24:02,ACLQVCVAN,446,1109
HLA-A*03:01,CHACFGVDP,447,120
HLA-A*01:01,EPVMTQHKF,448,794
HLA-A*26:01,IGHPALYWC,449,1552
HLA-B*27:05,WMLDMYWCA,450,620
HLA-B*07:02,ASTELYYWH,451,2528
HLA-B*27:05,EFDVLVGSS,452,100
HLA-B*07:02,LLAGRMPVL,453,929
HLA-A*02:01,AHIDSQNKW,454,340
HLA-B*27:05,VSLKKCMIR,455,698
HLA-B*18:01,SQWMPHHWN,456,1841
HLA-B*40:02,FVGEWWAIH,457,999
HLA-A*03:01,SNADWNHPP,458,2096
HLA-B*40:02,QCCDECFIF,459,1168
HLA-B*18:01,FTKNDSEYW,460,1178
HLA-A*26:01,KAAPSVRSV,461,1279
HLA-A*01:01,MVNWSYTAP,462,768
HLA-A*26:01,QHVWDNITE,463,1071
HLA-A*01:01,SVHDGHLMA,464,2172
HLA-B*58:01,TAREDPCIP,465,558
HLA-B*07:02,IMMQLTQDI,466,1215
HLA-B*08:01,QRKDGLVNL,467,1593
HLA-A*24:02,FHKRKGYKM,468,524
HLA-B*07:02,RNTCEQTME,469,630
HLA-A*01:01,NAFAKVSIT,470,2133
HLA-B*15:01,WQRNRYLSS,471,468
HLA-A*24:02,EPVMTQHKF,472,797
HLA-B*08:01,EMYMHETTA,473,1879
HLA-A*01:01,PGVGDKKSI,474,2250
HLA-A*26:01,LKDDFRPTY,475,2579
HLA-B*08:01,NQVLVIDLY,476,722
HLA-B*15:01,QCCDECFIF,477,1170
HLA-A*03:01,YYPRDWTQF,478,601
HLA-B*15:01,KLYAYTTGE,479,403
HLA-A*26:01,ACLQVCVAN,480,1110
HLA-B*39:01,NFVRQYQEW,481,2597
HLA-B*39:01,RHLEQRPGA,482,1973
HLA-A*03:01,KCKIEYPDK,483,2369
HLA-B*58:01,PEGYNCAAY,484,1507
HLA-B*58:01,RNTCEQTME,485,636
HLA-A*02:01,GSKTSFIPT,486,1406
HLA-A*26:01,TEENVCWDH,487,954
HLA-A*26:01,QCCDECFIF,488,1162
HLA-A*01:01,MAAHQRMHL,489,1353
HLA-A*01:01,SMSDPQHRE,490,1301
HLA-B*18:01,HECAQKHRH,491,242
HLA-A*26:01,ITILSGTDL,492,1201
HLA-A*02:01,DQTPCSIHA,493,1224
HLA-B*07:02,EIVHCHLEG,494,370
HLA-A*26:01,DQACLWGTG,495,499
HLA-A*03:01,LDRVLDYLH,496,68
HLA-A*24:02,MREKSKMMY,497,1603
HLA-A*02:01,DKECWSCWH,498,1562
HLA-A*26:01,RCDAKEPWN,499,1344
HLA-A*01:01,EIVHCHLEG,500,365
HLA-A*03:01,VPVWESKYT,501,16
HLA-B*18:01,FMHLRYTFV,502,1867
HLA-B*39:01,SFREDAKMQ,503,2051
HLA-B*40:02,SRYHAQDIF,504,297
HLA-A*26:01,FHKRKGYKM,505,525
HLA-A*26:01,MVGTQLCML,506,2319
HLA-B*15:01,DTHSDIFHS,507,871
HLA-A*03:01,QCAFIVMWH,508,1147
HLA-B*58:01,FHKRKGYKM,509,532
HLA-B*07:02,TVADNDRTL,510,1852
HLA-A*01:01,FHATHWWGF,511,638
HLA-B*27:05,RGCFSQLAF,512,1374
HLA-B*58:01,ICARRQPWC,513,1338
HLA-B*27:05,DCAAPIHNP,514,2466
HLA-A*02:01,ITILSGTDL,515,1198
HLA-B*18:01,EAECPPFFG,516,1035
HLA-A*26:01,RNTCEQTME,517,629
HLA-A*24:02,NVTIFDSSM,518,1720
HLA-A*03:01,QANNKSIDC,519,1953
HLA-A*24:02,HCPMGEEPP,520,1538
HLA-A*02:01,WMHRIKTTI,521,509
HLA-B*40:02,IQMDKWANV,522,2520
HLA-B*40:02,DKATFHFHP,523,765
HLA-A*01:01,MRISVQQPC,524,1782
HLA-A*03:01,FMGISYDQA,525,315
HLA-B*08:01,SNADWNHPP,526,2100
HLA-A*03:01,RGLHNALYW,527,913
HLA-A*01:01,KAAPSVRSV,528,1275
HLA-B*39:01,CVWWMIIWG,529,1193
HLA-A*24:02,DQTPCSIHA,530,1226
HLA-B*27:05,CIICWSYWK,531,542
HLA-A*02:01,ATLVIVQPF,532,1770
HLA-B*18:01,LQRMHARYV,533,2244
HLA-B*27:05,KMPWVEACF,534,1140
HLA-B*39:01,CAQHYTIMH,535,309
HLA-A*02:01,KIYDDYWSK,536,834
HLA-A*26:01,KYEVHSIDA,537,1630
HLA-B*08:01,FTRFNGMAK,538,1736
HLA-B*40:02,GLKWMKMGL,539,1103
HLA-B*27:05,NPHCNWFSY,540,1933
HLA-A*02:01,RSTIILWFF,541,1809
HLA-B*18:01,WMHRIKTTI,542,515
HLA-A*02:01,KAAPSVRSV,543,1276
HLA-A*01:01,HDYQEHCSV,544,807
HLA-B*15:01,GEGFVPIKY,545,1651
HLA-A*24:02,ICARRQPWC,546,1330
HLA-A*24:02,MVNWSYTAP,547,771
HLA-A*24:02,KSEFDRVMQ,548,1941
HLA-B*27:05,LMEKNSGFH,549,204
HLA-B*08:01,VRYSGGALF,550,2295
HLA-A*24:02,IEHEEMSIP,551,485
HLA-B*15:01,DQTPCSIHA,552,1235
HLA-B*40:02,HWPMHISAG,553,1012
HLA-B*07:02,KLYAYTTGE,554,396
HLA-A*24:02,KQASGTMYV,555,1681
HLA-B*18:01,TEENVCWDH,556,957
HLA-B*58:01,IRTFCGLPD,557,38
HLA-A*02:01,KCKIEYPDK,558,2368
HLA-A*03:01,FWFLQPHSW,559,2005
HLA-A*24:02,RKIPANKFE,560,563
HLA-A*01:01,ATLVIVQPF,561,1769
HLA-B*15:01,VNFCNLITW,562,2132
HLA-A*02:01,FWFLQPHSW,563,2004
HLA-A*02:01,LMEKNSGFH,564,197
HLA-A*24:02,GISVIAPAY,565,43
HLA-A*26:01,RWNPEASNF,566,1513
HLA-A*01:01,YDSFKEWRE,567,157
HLA-B*39:01,KLYAYTTGE,568,400
HLA-B*27:05,SEIRLPRDW,569,581
HLA-B*27:05,MVGTQLCML,570,2323
HLA-A*03:01,IMMQLTQDI,571,1212
HLA-B*39:01,TAREDPCIP,572,556
HLA-B*15:01,DCAAPIHNP,573,2470
HLA-B*18:01,FHATHWWGF,574,645
HLA-B*07:02,RSTIILWFF,575,1813
HLA-B*08:01,IQWEGFIKH,576,2165
HLA-B*15:01,SFREDAKMQ,577,2054
HLA-A*03:01,WNWLCQQKA,578,2265
HLA-A*01:01,SEIRLPRDW,579,573
HLA-B*58:01,EAECPPFFG,580,1039
HLA-A*24:02,SDWSIALHS,581,2305
HLA-B*39:01,SVHDGHLMA,582,2181
HLA-B*40:02,RWNPEASNF,583,1519
HLA-B*07:02,YTCEDKKCE,584,188
HLA-B*40:02,PMPADPDNK,585,1662
HLA-A*26:01,NKVALWICH,586,2358
HLA-A*02:01,CFTQINHRH,587,2277
HLA-B*58:01,RWNPEASNF,588,1520
HLA-B*18:01,SGWWPGFHT,589,60
HLA-B*18:01,RCESEIYNH,590,1295
HLA-B*15:01,KSEFDRVMQ,591,1950
HLA-A*02:01,IIWFLSALF,592,2069
HLA-A*03:01,SQWMPHHWN,593,1836
HLA-A*26:01,WMLDMYWCA,594,616
HLA-B*58:01,MREKSKMMY,595,1611
HLA-A*03:01,GYNVFPSNG,596,1459
HLA-B*27:05,TEENVCWDH,597,958
HLA-A*26:01,KMPWVEACF,598,1136
HLA-A*03:01,RTLDMRSSV,599,1888
HLA-A*03:01,FHKRKGYKM,600,523
HLA-B*07:02,NPHCNWFSY,601,1930
HLA-B*07:02,CRAWPPYSD,602,2411
HLA-B*18:01,WCRKNYLKK,603,892
HLA-B*27:05,FMGISYDQA,604,321
HLA-B*27:05,AGDPSSYVM,605,152
HLA-B*07:02,REQQPQWHC,606,6
HLA-A*26:01,QPPYMEWFI,607,1448
HLA-B*58:01,VSLKKCMIR,608,701
HLA-B*08:01,KLYAYTTGE,609,397
HLA-B*27:05,FTKNDSEYW,610,1179
HLA-B*18:01,LDRVLDYLH,611,73
HLA-A*26:01,FALHGDVGA,612,1253
HLA-B*08:01,LKDDFRPTY,613,2581
HLA-A*03:01,HDYQEHCSV,614,809
HLA-A*24:02,STRQDFPVN,615,1421
HLA-A*26:01,CFHDCVCIW,616,2488
HLA-A*24:02,YPQFCDNRP,617,745
HLA-B*39:01,SQWMPHHWN,618,1843
HLA-A*03:01,MAAHQRMHL,619,1355
HLA-B*27:05,KCKIEYPDK,620,2375
HLA-B*08:01,CVWWMIIWG,621,1190
HLA-B*07:02,SNADWNHPP,622,2099
HLA-B*58:01,IQWEGFIKH,623,2170
HLA-A*01:01,REQQPQWHC,624,1
HLA-B*08:01,QPPYMEWFI,625,1450
HLA-A*03:01,CRAWPPYSD,626,2408
HLA-A*01:01,RCDAKEPWN,627,1340
HLA-B*07:02,PACTTEQCW,628,253
HLA-B*08:01,HWPMHISAG,629,1008
HLA-B*39:01,FLAHTPIGE,630,673
HLA-B*15:01,FNALSVGRK,631,2119
HLA-B*15:01,AHIDSQNKW,632,351
HLA-B*08:01,LWAQVLMAQ,633,1476
HLA-B*58:01,EFDVLVGSS,634,103
HLA-A*03:01,NFVRQYQEW,635,2590
HLA-A*03:01,GLKWMKMGL,636,1095
HLA-B*27:05,ITILSGTDL,637,1205
HLA-A*26:01,IQWEGFIKH,638,2163
HLA-B*07:02,KGCNVRETL,639,1904
HLA-B*15:01,FIIGNDGFN,640,2041
HLA-B*40:02,FIIGNDGFN,641,2039
HLA-A*03:01,CAQHYTIMH,642,302
HLA-A*03:01,FPCEGSWWH,643,2343
HLA-B*07:02,CFTQINHRH,644,2281
HLA-B*15:01,FALHGDVGA,645,1261
HLA-B*27:05,ACLQVCVAN,646,1114
HLA-A*26:01,KLYAYTTGE,647,395
HLA-A*02:01,RGLHNALYW,648,912
HLA-B*08:01,FMHLRYTFV,649,1866
HLA-B*07:02,CIICWSYWK,650,539
HLA-B*15:01,WHIGWYRPP,651,221
HLA-A*02:01,PWVLFPFCA,652,379
HLA-B*07:02,MCDFYGHQM,653,1579
HLA-B*18:01,VSLKKCMIR,654,697
HLA-B*18:01,GISVIAPAY,655,47
HLA-B*39:01,EFDVLVGSS,656,101
HLA-B*39:01,MCDFYGHQM,657,1583
HLA-B*07:02,YLIWHSGCP,658,2216
HLA-B*40:02,EIVHCHLEG,659,375
HLA-B*27:05,ATLVIVQPF,660,1777
HLA-B*18:01,ATLVIVQPF,661,1776
HLA-B*58:01,ITILSGTDL,662,1208
HLA-A*26:01,NEIDSSYWS,663,265
HLA-B*39:01,PVHRYTQDV,664,790
HLA-B*27:05,VRYSGGALF,665,2297
HLA-B*27:05,IMMQLTQDI,666,1218
HLA-A*02:01,CCLHLCGMY,667,1016
HLA-A*02:01,EFDVLVGSS,668,93
HLA-B*27:05,HDYQEHCSV,669,815
HLA-B*27:05,FKLLPIPKK,670,1803
HLA-A*26:01,IRTFCGLPD,671,31
HLA-B*40:02,FWFLQPHSW,672,2013
HLA-B*58:01,QPPYMEWFI,673,1455
HLA-B*27:05,SVHDGHLMA,674,2180
HLA-B*15:01,AYVIRLFVH,675,2392
HLA-B*07:02,EMYMHETTA,676,1878
HLA-B*08:01,PGVGDKKSI,677,2256
HLA-B*27:05,QDCKPQIKM,678,2063
HLA-B*58:01,MADLCRHVD,679,2001
HLA-B*27:05,KIYDDYWSK,680,841
HLA-B*58:01,ACLQVCVAN,681,1117
HLA-A*03:01,FVGEWWAIH,682,991
HLA-A*26:01,IMMQLTQDI,683,1214
HLA-B*07:02,DQTPCSIHA,684,1228
HLA-B*58:01,YTCEDKKCE,685,194
HLA-A*03:01,TAIGGNPLC,686,1264
HLA-A*26:01,DDIEMMLHS,687,1396
HLA-B*07:02,YMISKDNKT,688,448
HLA-B*18:01,YPQFCDNRP,689,749
HLA-B*58:01,HDYQEHCSV,690,818
HLA-B*58:01,KIYDDYWSK,691,844
HLA-A*01:01,NFVRQYQEW,692,2588
HLA-A*26:01,QKKCRHQIG,693,2553
HLA-A*01:01,VPVWESKYT,694,14
HLA-A*26:01,VNFCNLITW,695,2124
HLA-B*27:05,RSTIILWFF,696,1816
HLA-B*58:01,AYVIRLFVH,697,2391
HLA-B*07:02,KEYHMDISG,698,981
HLA-A*02:01,RRQFRRIHV,699,2186
HLA-B*39:01,GLKWMKMGL,700,1102
HLA-B*07:02,DTHSDIFHS,701,864
HLA-A*03:01,FKLLPIPKK,702,1797
HLA-A*26:01,VAAWMKILF,703,2150
HLA-B*08:01,GIRVLENFD,704,683
HLA-A*24:02,CVWWMIIWG,705,1187
HLA-B*18:01,GNAWQVFVV,706,2231
HLA-B*39:01,MAAHQRMHL,707,1362
HLA-A*26:01,SNADWNHPP,708,2098
HLA-B*08:01,EPVMTQHKF,709,800
HLA-B*40:02,FHKRKGYKM,710,531
HLA-A*24:02,SEIRLPRDW,711,576
HLA-B*58:01,FMHLRYTFV,712,1871
HLA-B*15:01,KDKYRWMQP,713,2574
HLA-A*01:01,FNALSVGRK,714,2107
HLA-B*58:01,RCESEIYNH,715,1299
HLA-B*07:02,GIEEDDVTF,716,1488
HLA-B*40:02,EVPISAINL,717,2546
HLA-A*02:01,QCCDECFIF,718,1159
HLA-B*18:01,NFVRQYQEW,719,2595
HLA-B*39:01,SGWWPGFHT,720,62
HLA-A*01:01,EWMVFYIIK,721,586
HLA-A*26:01,KDKYRWMQP,722,2566
HLA-A*24:02,GIRVLENFD,723,680
HLA-B*27:05,EPVMTQHKF,724,802
HLA-B*40:02,FPCEGSWWH,725,2351
HLA-B*27:05,TAANSKHCV,726,1088
HLA-B*18:01,CLRVRKQMM,727,1061
HLA-B*18:01,NFGHCCFDE,728,1828
HLA-B*15:01,RNTCEQTME,729,637
HLA-A*03:01,IGHPALYWC,730,1550
HLA-B*08:01,EAECPPFFG,731,1034
HLA-A*02:01,FHATHWWGF,732,639
HLA-A*02:01,PVHRYTQDV,733,782
HLA-A*24:02,HLKTAEGIV,734,82
HLA-B*40:02,PDHLLNFDS,735,1324
HLA-B*58:01,MCDFYGHQM,736,1585
HLA-B*39:01,NYVQMVTMV,737,2337
HLA-A*24:02,QHVWDNITE,738,1070
HLA-B*08:01,YIGPSMFHM,739,1762
HLA-A*01:01,IQMDKWANV,740,2510
HLA-A*01:01,RGCFSQLAF,741,1366
HLA-B*07:02,KDKYRWMQP,742,2567
HLA-A*01:01,KVDNVFEKS,743,1665
HLA-A*02:01,YLIWHSGCP,744,2212
HLA-B*08:01,IMMQLTQDI,745,1216
HLA-B*27:05,IRTFCGLPD,746,35
HLA-B*15:01,GYNVFPSNG,747,1469
HLA-A*24:02,GNAWQVFVV,748,2227
HLA-B*15:01,RGLHNALYW,749,923
HLA-B*40:02,GIEEDDVTF,750,1493
HLA-A*26:01,KQASGTMYV,751,1682
HLA-A*24:02,ATLVIVQPF,752,1772
HLA-A*01:01,KMPWVEACF,753,1132
HLA-A*24:02,QDCKPQIKM,754,2058
HLA-B*58:01,PDHLLNFDS,755,1325
HLA-B*40:02,VNFCNLITW,756,2130
HLA-A*24:02,DDIEMMLHS,757,1395
HLA-B*07:02,KQASGTMYV,758,1683
HLA-B*40:02,CCLMMTRRR,759,479
HLA-B*39:01,KCKIEYPDK,760,2376
HLA-B*08:01,SGWWPGFHT,761,59
HLA-B*40:02,YMISKDNKT,762,453
HLA-A*03:01,MFEQPPTGW,763,2499
HLA-A*26:01,YLIWHSGCP,764,1
HLA-B*58:01,FALHGDVGA,765,1260
HLA-B*39:01,RFDVWMFCA,766,179
HLA-A*24:02,CFHDCVCIW,767,2487
HLA-B*18:01,SMECVPMAP,768,944
HLA-B*15:01,KQASGTMYV,769,1690
HLA-A*02:01,CRAWPPYSD,770,2407
HLA-A*26:01,DRCPFMPCM,771,733
HLA-B*39:01,KIYDDYWSK,772,842
HLA-A*01:01,WNWLCQQKA,773,2263
HLA-B*15:01,FTKNDSEYW,774,1183
HLA-B*08:01,SMSDPQHRE,775,1307
HLA-B*15:01,LHDDGKQKR,776,663
HLA-A*02:01,HDYQEHCSV,777,808
HLA-B*07:02,LMEKNSGFH,778,201
HLA-B*15:01,WCMVENPMN,779,429
HLA-B*27:05,EIVHCHLEG,780,373
HLA-B*27:05,YTCEDKKCE,781,191
HLA-B*15:01,VPVWESKYT,782,26
HLA-A*01:01,RTLDMRSSV,783,1886
HLA-B*39:01,PDHLLNFDS,784,1323
HLA-A*24:02,TDWDHSEQG,785,1707
HLA-A*03:01,PEGYNCAAY,786,1498
HLA-B*40:02,KAAPSVRSV,787,1285
HLA-A*01:01,FPCEGSWWH,788,2341
HLA-A*03:01,MYFHQFCYP,789,2395
HLA-B*40:02,PGREMIDQT,790,2481
HLA-A*26:01,EVPISAINL,791,2540
HLA-B*58:01,ENFDCFRWW,792,1533
HLA-A*02:01,CAQHYTIMH,793,301
HLA-B*07:02,QPPYMEWFI,794,1449
HLA-A*26:01,GNAWQVFVV,795,2228
HLA-A*24:02,FNALSVGRK,796,2110
HLA-B*18:01,PVNEDWHNM,797,1620
HLA-B*27:05,MNMRQVMPW,798,2206
HLA-B*27:05,RKIPANKFE,799,568
HLA-A*03:01,DVPVVMVIQ,800,1693
HLA-A*02:01,FLAHTPIGE,801,665
HLA-A*26:01,MADLCRHVD,802,1994
HLA-B*15:01,QKKCRHQIG,803,2561
HLA-B*39:01,FTRFNGMAK,804,1739
HLA-B*15:01,FPCEGSWWH,805,2353
HLA-B*08:01,WMLDMYWCA,806,618
HLA-B*08:01,ASTELYYWH,807,2529
HLA-B*40:02,DQACLWGTG,808,505
HLA-B*40:02,MNMRQVMPW,809,2208
HLA-B*39:01,RWNPEASNF,810,1518
HLA-A*24:02,CRAWPPYSD,811,2409
HLA-A*26:01,SRYHAQDIF,812,291
HLA-A*24:02,PWVLFPFCA,813,381
HLA-B*15:01,FNECVQQQH,814,1755
HLA-A*02:01,PGREMIDQT,815,2472
HLA-B*58:01,GLKWMKMGL,816,1104
HLA-B*40:02,NFGHCCFDE,817,1831
HLA-A*01:01,QHVWDNITE,818,1067
HLA-A*01:01,CAQHYTIMH,819,300
HLA-A*01:01,AGDPSSYVM,820,144
HLA-B*15:01,PVNEDWHNM,821,1625
HLA-A*24:02,ITILSGTDL,822,1200
HLA-B*18:01,CAQHYTIMH,823,307
HLA-A*03:01,EIVHCHLEG,824,367
HLA-A*24:02,RCDAKEPWN,825,1343
HLA-A*26:01,FNFQNMNLC,826,135
HLA-B*58:01,TAIGGNPLC,827,1273
HLA-B*18:01,CFHDCVCIW,828,2491
HLA-A*02:01,KVDNVFEKS,829,1666
HLA-A*01:01,EVPISAINL,830,2536
HLA-A*26:01,GIRVLENFD,831,681
HLA-A*26:01,HDYQEHCSV,832,811
HLA-A*01:01,MNMRQVMPW,833,2198
HLA-B*18:01,MVVHFMPLY,834,710
HLA-A*01:01,YIGPSMFHM,835,1756
HLA-B*07:02,TEENVCWDH,836,955
HLA-A*02:01,MCDFYGHQM,837,1575
HLA-B*07:02,KYEVHSIDA,838,1631
HLA-A*03:01,ASTELYYWH,839,2525
HLA-B*39:01,IIWFLSALF,840,2077
HLA-A*03:01,KYEVHSIDA,841,1628
HLA-B*58:01,CLRVRKQMM,842,1065
HLA-A*03:01,YTCEDKKCE,843,185
HLA-B*27:05,YDSFKEWRE,844,165
HLA-A*03:01,QCCDECFIF,845,1160
HLA-A*01:01,WHIGWYRPP,846,209
HLA-B*40:02,NSLDSATHH,847,1987
HLA-B*40:02,ACPDFGKQM,848,2026
HLA-B*39:01,KDKYRWMQP,849,2571
HLA-B*15:01,FTRFNGMAK,850,1742
HLA-B*15:01,RCDAKEPWN,851,1352
HLA-A*01:01,GNAWQVFVV,852,2224
HLA-B*40:02,FNFQNMNLC,853,141
HLA-B*15:01,HDYQEHCSV,854,819
HLA-A*02:01,SMSDPQHRE,855,1302
HLA-B*18:01,FIIGNDGFN,856,2036
HLA-A*03:01,FIIGNDGFN,857,2031
HLA-B*27:05,YPQFCDNRP,858,750
HLA-B*07:02,DDIEMMLHS,859,1397
HLA-B*58:01,FPCEGSWWH,860,2352
HLA-B*40:02,SMSDPQHRE,861,1311
HLA-B*18:01,RKIPANKFE,862,567
HLA-B*39:01,WCQYGAREK,863,2428
HLA-B*40:02,KYEVHSIDA,864,1636
HLA-B*08:01,AYVIRLFVH,865,2386
HLA-B*39:01,GYNVFPSNG,866,1466
HLA-B*40:02,HCPMGEEPP,867,1545
HLA-A*02:01,TCWCRDKLR,868,821
HLA-B*58:01,YPQFCDNRP,869,753
HLA-B*18:01,WNWLCQQKA,870,2270
HLA-A*24:02,RHWFSMDNM,871,225
HLA-B*15:01,KCKIEYPDK,872,2379
HLA-A*03:01,SVHDGHLMA,873,2174
HLA-A*26:01,HLKTAEGIV,874,83
HLA-B*58:01,WCQYGAREK,875,2430
HLA-A*02:01,WHKTTNETY,876,899
HLA-B*07:02,MRISVQQPC,877,1787
HLA-A*24:02,CFTQINHRH,878,2279
HLA-B*58:01,TEENVCWDH,879,961
HLA-B*07:02,KCKIEYPDK,880,2372
HLA-A*26:01,RGCFSQLAF,881,1370
HLA-B*27:05,KVDNVFEKS,882,1673
HLA-B*39:01,PWVLFPFCA,883,387
HLA-A*26:01,GSKTSFIPT,884,1409
HLA-B*08:01,FDNDWCEIK,885,1242
HLA-B*08:01,DCAAPIHNP,886,2464
HLA-B*58:01,LDRVLDYLH,887,77
HLA-B*15:01,SMECVPMAP,888,949
HLA-B*40:02,MADLCRHVD,889,2000
HLA-B*27:05,GYNVFPSNG,890,1465
HLA-B*27:05,DRCPFMPCM,891,737
HLA-A*01:01,HCPMGEEPP,892,1535
HLA-B*39:01,FIIGNDGFN,893,2038
HLA-B*27:05,MYFHQFCYP,894,2401
HLA-A*03:01,DAWSILEIA,895,848
HLA-B*40:02,YPQFCDNRP,896,752
HLA-B*40:02,REQQPQWHC,897,11
HLA-A*26:01,RHWFSMDNM,898,226
HLA-B*07:02,GIRVLENFD,899,682
HLA-B*07:02,IQMDKWANV,900,2515
HLA-A*26:01,CCLMMTRRR,901,473
HLA-A*02:01,CCLMMTRRR,902,470
HLA-A*02:01,CIICWSYWK,903,535
HLA-B*08:01,WHKTTNETY,904,904
HLA-A*02:01,PEGYNCAAY,905,1497
HLA-B*40:02,IIWFLSALF,906,2078
HLA-A*03:01,CLRVRKQMM,907,1056
HLA-B*15:01,WMHRIKTTI,908,520
HLA-B*40:02,RFDVWMFCA,909,180
HLA-B*39:01,QDCKPQIKM,910,2064
HLA-B*08:01,RGCFSQLAF,911,1372
HLA-B*18:01,SEIRLPRDW,912,580
HLA-B*27:05,DKATFHFHP,913,763
HLA-B*08:01,RWNPEASNF,914,1515
HLA-A*03:01,EMYMHETTA,915,1875
HLA-A*26:01,SDWSIALHS,916,2306
HLA-B*58:01,PGVGDKKSI,917,2261
HLA-A*03:01,KSEFDRVMQ,918,1940
HLA-B*07:02,MNMRQVMPW,919,2203
HLA-B*39:01,YIGPSMFHM,920,1765
HLA-A*24:02,CCLMMTRRR,921,472
HLA-A*02:01,CVWWMIIWG,922,1185
HLA-A*01:01,PVHRYTQDV,923,781
HLA-A*26:01,FTKNDSEYW,924,1175
HLA-A*01:01,WCMVENPMN,925,417
HLA-A*26:01,MYFHQFCYP,926,2397
HLA-B*27:05,FNALSVGRK,927,2115
HLA-A*24:02,NEIDSSYWS,928,264
HLA-B*15:01,STRQDFPVN,929,1430
HLA-A*02:01,PMPADPDNK,930,1653
HLA-B*40:02,HDYQEHCSV,931,817
HLA-B*15:01,CLRVRKQMM,932,1066
HLA-A*01:01,WQRNRYLSS,933,456
HLA-B*07:02,QLCIFNCVK,934,1917
HLA-A*01:01,WHSNINNKV,935,1119
HLA-A*24:02,FDNDWCEIK,936,1239
HLA-A*02:01,QKPRCVVCP,937,327
HLA-A*02:01,PVNEDWHNM,938,1614
HLA-A*03:01,TVADNDRTL,939,1849
HLA-B*27:05,PGVGDKKSI,940,2258
HLA-A*26:01,RKAKMGLWS,941,1045
HLA-B*27:05,KEYHMDISG,942,984
HLA-B*27:05,WNWLCQQKA,943,2271
HLA-B*58:01,QDCKPQIKM,944,2066
HLA-B*39:01,DTHSDIFHS,945,868
HLA-B*07:02,GYNVFPSNG,946,1462
HLA-B*40:02,FALHGDVGA,947,1259
HLA-B*39:01,MVNWSYTAP,948,777
HLA-A*02:01,NSSSECISA,949,275
HLA-B*39:01,FHKRKGYKM,950,530
HLA-A*01:01,IIWFLSALF,951,2068
HLA-A*03:01,RHWFSMDNM,952,224
HLA-B*07:02,WMHRIKTTI,953,513
HLA-B*07:02,CLRVRKQMM,954,1059
HLA-A*03:01,VAAWMKILF,955,2148
HLA-B*40:02,QKKCRHQIG,956,2559
HLA-A*24:02,WHIGWYRPP,957,212
HLA-A*03:01,SFREDAKMQ,958,2044
HLA-B*27:05,VPVWESKYT,959,22
HLA-A*26:01,GQPGCMLKT,960,967
HLA-B*18:01,VRYSGGALF,961,2296
HLA-B*08:01,PVNEDWHNM,962,1619
HLA-A*02:01,EIVHCHLEG,963,366
HLA-B*07:02,NSSSECISA,964,279
HLA-B*15:01,RKAKMGLWS,965,1053
HLA-A*24:02,GIEEDDVTF,966,1486
HLA-B*18:01,VNFCNLITW,967,2127
HLA-A*26:01,QRKDGLVNL,968,1591
HLA-B*27:05,ICARRQPWC,969,1335
HLA-A*24:02,NYVQMVTMV,970,2331
HLA-B*08:01,NFGHCCFDE,971,1827
HLA-A*24:02,ENFDCFRWW,972,1525
HLA-B*08:01,WHIGWYRPP,973,215
HLA-B*18:01,RHWFSMDNM,974,229
HLA-B*07:02,YIGPSMFHM,975,1761
HLA-A*02:01,IEHEEMSIP,976,483
HLA-A*26:01,ICARRQPWC,977,1331
HLA-B*27:05,RHWFSMDNM,978,230
HLA-B*40:02,KQASGTMYV,979,1688
HLA-B*07:02,GSKTSFIPT,980,1410
HLA-B*58:01,NVTIFDSSM,981,1728
HLA-B*40:02,AYVIRLFVH,982,2390
HLA-B*27:05,QKKCRHQIG,983,2557
HLA-A*02:01,GLKWMKMGL,984,1094
HLA-B*18:01,ACPDFGKQM,985,2023
HLA-B*18:01,IRTFCGLPD,986,34
HLA-A*26:01,SMSDPQHRE,987,1305
HLA-B*58:01,EVPISAINL,988,2547
HLA-B*27:05,PACTTEQCW,989,256
HLA-B*18:01,QLCIFNCVK,990,1919
HLA-A*01:01,KEYHMDISG,991,976
HLA-A*03:01,RGCFSQLAF,992,1368
HLA-B*07:02,ATLVIVQPF,993,1774
HLA-A*03:01,PWVLFPFCA,994,380
HLA-A*24:02,TAREDPCIP,995,550
HLA-B*15:01,MADLCRHVD,996,2002
HLA-B*40:02,WMLDMYWCA,997,622
HLA-A*01:01,RHLEQRPGA,998,1964
HLA-B*39:01,RNTCEQTME,999,634
HLA-A*26:01,YYPRDWTQF,1000,603
HLA-B*07:02,QCCDECFIF,1001,1163
HLA-B*40:02,DDIEMMLHS,1002,1402
HLA-B*18:01,EPVMTQHKF,1003,801
HLA-B*40:02,ENFDCFRWW,1004,1532
HLA-B*08:01,MVNWSYTAP,1005,774
HLA-B*07:02,PYYLHAQAT,1006,2450
HLA-B*39:01,FNALSVGRK,1007,2116
HLA-B*18:01,GIRVLENFD,1008,684
HLA-B*07:02,NLCKRGIPM,1009,1436
HLA-B*08:01,RRQFRRIHV,1010,2191
HLA-B*08:01,SVHDGHLMA,1011,2178
HLA-B*40:02,GQPGCMLKT,1012,973
HLA-B*07:02,AYVIRLFVH,1013,2385
HLA-A*26:01,CLRVRKQMM,1014,1058
HLA-A*24:02,MVVHFMPLY,1015,706
HLA-A*01:01,LKDDFRPTY,1016,2575
HLA-B*15:01,EMYMHETTA,1017,1885
HLA-A*26:01,HWPMHISAG,1018,1006
HLA-B*18:01,IGHPALYWC,1019,1555
HLA-B*08:01,HCPMGEEPP,1020,1541
HLA-A*26:01,RFDVWMFCA,1021,174
HLA-A*02:01,FKLLPIPKK,1022,1796
HLA-B*15:01,REQQPQWHC,1023,13
HLA-B*07:02,PGVGDKKSI,1024,2255
HLA-A*24:02,IRTFCGLPD,1025,30
HLA-B*15:01,GIEEDDVTF,1026,1495
HLA-B*08:01,FALHGDVGA,1027,1255
HLA-B*15:01,ATLVIVQPF,1028,1781
HLA-B*39:01,CFHDCVCIW,1029,2493
HLA-A*02:01,KMPWVEACF,1030,1133
HLA-A*02:01,GNAWQVFVV,1031,2225
HLA-A*02:01,NFVRQYQEW,1032,2589
HLA-B*18:01,TCLWSFQLR,1033,879
HLA-B*15:01,MAAHQRMHL,1034,1365
HLA-B*07:02,WHKTTNETY,1035,903
HLA-A*24:02,QKKCRHQIG,1036,2552
HLA-A*02:01,SRYHAQDIF,1037,288
HLA-B*08:01,QHVWDNITE,1038,1073
HLA-B*15:01,MRISVQQPC,1039,1794
HLA-B*08:01,KCKIEYPDK,1040,2373
HLA-B*07:02,MFEQPPTGW,1041,2502
HLA-B*58:01,DQACLWGTG,1042,506
HLA-A*03:01,WHSNINNKV,1043,1121
HLA-A*02:01,PGVGDKKSI,1044,2251
HLA-B*18:01,WHIGWYRPP,1045,216
HLA-B*07:02,SGWWPGFHT,1046,58
HLA-B*07:02,MYFHQFCYP,1047,2398
HLA-B*15:01,TDHAQLYTS,1048,117
HLA-B*18:01,FALHGDVGA,1049,1256
HLA-B*08:01,GSKTSFIPT,1050,1411
HLA-B*18:01,PVHRYTQDV,1051,788
HLA-A*24:02,MYFHQFCYP,1052,2396
HLA-A*03:01,NSSSECISA,1053,276
HLA-B*39:01,RKAKMGLWS,1054,1050
HLA-A*01:01,QPPYMEWFI,1055,1444
HLA-A*01:01,LMEKNSGFH,1056,196
HLA-A*01:01,HLKTAEGIV,1057,79
HLA-A*03:01,RKIPANKFE,1058,562
HLA-A*03:01,PVHRYTQDV,1059,783
HLA-B*27:05,WCRKNYLKK,1060,893
HLA-A*02:01,HECAQKHRH,1061,236
HLA-A*26:01,QCAFIVMWH,1062,1149
HLA-A*03:01,SGWWPGFHT,1063,55
HLA-B*40:02,SNADWNHPP,1064,2104
HLA-A*24:02,FKLLPIPKK,1065,1798
HLA-A*01:01,IEHEEMSIP,1066,482
HLA-B*08:01,EWMVFYIIK,1067,592
HLA-B*39:01,SEIRLPRDW,1068,582
HLA-B*08:01,ITILSGTDL,1069,1203
HLA-B*18:01,NYVQMVTMV,1070,2335
HLA-B*40:02,LWAQVLMAQ,1071,1480
HLA-A*24:02,FIIGNDGFN,1072,2032
HLA-B*58:01,NPHCNWFSY,1073,1936
HLA-A*01:01,RWNPEASNF,1074,1509
HLA-B*27:05,GEGFVPIKY,1075,1647
HLA-A*03:01,SDWSIALHS,1076,2304
HLA-B*08:01,VPVWESKYT,1077,20
HLA-A*03:01,AMAHYNEWL,1078,1381
HLA-B*18:01,DITMVKQFC,1079,2088
HLA-B*40:02,KDKYRWMQP,1080,2572
HLA-A*01:01,KQASGTMYV,1081,1678
HLA-B*08:01,NSLDSATHH,1082,1983
HLA-A*26:01,KIYDDYWSK,1083,837
HLA-B*58:01,IEHEEMSIP,1084,493
HLA-B*18:01,QDCKPQIKM,1085,2062
HLA-A*01:01,DCAAPIHNP,1086,2458
HLA-A*03:01,WYVGTWGHS,1087,2434
HLA-B*58:01,EPVMTQHKF,1088,805
HLA-B*40:02,ITILSGTDL,1089,1207
HLA-A*02:01,FCTIERYKL,1090,431
HLA-B*40:02,AGDPSSYVM,1091,154
HLA-B*08:01,MRISVQQPC,1092,1788
HLA-B*40:02,ASTELYYWH,1093,2533
HLA-B*07:02,FWFLQPHSW,1094,2008
HLA-A*01:01,WMHRIKTTI,1095,508
HLA-A*03:01,KMPWVEACF,1096,1134
HLA-B*58:01,RHWFSMDNM,1097,233
HLA-B*39:01,GISVIAPAY,1098,49
HLA-A*24:02,NKVALWICH,1099,2357
HLA-B*08:01,HDYQEHCSV,1100,813
HLA-A*24:02,KGCNVRETL,1101,1902
HLA-A*02:01,RCESEIYNH,1102,1289
HLA-A*02:01,MADLCRHVD,1103,1991
HLA-A*24:02,PEGYNCAAY,1104,1499
HLA-B*18:01,SVHDGHLMA,1105,2179
HLA-A*26:01,CIICWSYWK,1106,538
HLA-A*03:01,PACTTEQCW,1107,250
HLA-A*26:01,CVWWMIIWG,1108,1188
HLA-B*27:05,CFTQINHRH,1109,2284
HLA-B*07:02,HWPMHISAG,1110,1007
HLA-B*27:05,PEGYNCAAY,1111,1504
HLA-B*15:01,EIVHCHLEG,1112,377
HLA-A*24:02,GSKTSFIPT,1113,1408
HLA-B*08:01,ICARRQPWC,1114,1333
HLA-A*03:01,CCLHLCGMY,1115,1017
HLA-A*02:01,QPPYMEWFI,1116,1445
HLA-B*40:02,IGHPALYWC,1117,1558
HLA-B*07:02,PEGYNCAAY,1118,1501
HLA-B*39:01,QKKCRHQIG,1119,2558
HLA-A*02:01,WCMVENPMN,1120,418
HLA-A*03:01,RSTIILWFF,1121,1810
HLA-B*58:01,LLAGRMPVL,1122,935
HLA-B*15:01,PEGYNCAAY,1123,1508
HLA-A*26:01,FNECVQQQH,1124,1747
HLA-A*02:01,NKVALWICH,1125,2355
HLA-B*39:01,REQQPQWHC,1126,10
HLA-B*15:01,LKDDFRPTY,1127,2587
HLA-B*40:02,DKECWSCWH,1128,1571
HLA-A*01:01,GEGFVPIKY,1129,1639
HLA-B*39:01,GIRVLENFD,1130,686
HLA-A*02:01,TDHAQLYTS,1131,106
HLA-B*15:01,KVDNVFEKS,1132,1677
HLA-B*18:01,MVNWSYTAP,1133,775
HLA-A*03:01,SMECVPMAP,1134,939
HLA-A*03:01,KEYHMDISG,1135,978
HLA-B*15:01,HCPMGEEPP,1136,1547
HLA-A*26:01,DCAAPIHNP,1137,2462
HLA-B*08:01,MADLCRHVD,1138,1996
HLA-A*26:01,WHSNINNKV,1139,1123
HLA-B*40:02,ATLVIVQPF,1140,1779
HLA-A*01:01,MREKSKMMY,1141,1600
HLA-B*40:02,ACLQVCVAN,1142,1116
HLA-A*01:01,AMAHYNEWL,1143,1379
HLA-B*07:02,SFREDAKMQ,1144,2047
HLA-B*40:02,FMHLRYTFV,1145,1870
HLA-B*08:01,TDHAQLYTS,1146,111
HLA-B*27:05,FNFQNMNLC,1147,139
HLA-A*26:01,GYNVFPSNG,1148,1461
HLA-B*39:01,YPQFCDNRP,1149,751
HLA-A*03:01,EVPISAINL,1150,2538
HLA-A*24:02,PDHLLNFDS,1151,1317
HLA-B*40:02,RNTCEQTME,1152,635
HLA-B*27:05,HLKTAEGIV,1153,87
HLA-B*18:01,QHVWDNITE,1154,1074
HLA-B*40:02,NAFAKVSIT,1155,2143
HLA-A*26:01,FWFLQPHSW,1156,2007
HLA-A*24:02,VAAWMKILF,1157,2149
HLA-A*24:02,FNECVQQQH,1158,1746
HLA-B*58:01,HECAQKHRH,1159,246
HLA-B*08:01,FNALSVGRK,1160,2113
HLA-B*15:01,WNWLCQQKA,1161,2275
HLA-B*18:01,EFDVLVGSS,1162,99
HLA-B*27:05,TDHAQLYTS,1163,113
HLA-B*40:02,QLCIFNCVK,1164,1922
HLA-B*39:01,VSLKKCMIR,1165,699
HLA-A*01:01,HWPMHISAG,1166,1002
HLA-B*27:05,FLAHTPIGE,1167,672
HLA-A*24:02,LHDDGKQKR,1168,654
HLA-A*03:01,FNFQNMNLC,1169,133
HLA-A*02:01,GEGFVPIKY,1170,1640
HLA-A*01:01,AHIDSQNKW,1171,339
HLA-A*03:01,LWAQVLMAQ,1172,1472
HLA-A*01:01,KIYDDYWSK,1173,833
HLA-B*58:01,WCRKNYLKK,1174,896
HLA-A*03:01,FLAHTPIGE,1175,666
HLA-B*40:02,RTLDMRSSV,1176,1896
HLA-B*15:01,DRCPFMPCM,1177,741
HLA-A*03:01,FTRFNGMAK,1178,1732
HLA-A*24:02,FTKNDSEYW,1179,1174
HLA-B*18:01,QPPYMEWFI,1180,1451
HLA-B*40:02,LMEKNSGFH,1181,206
HLA-B*39:01,TAIGGNPLC,1182,1271
HLA-B*27:05,FPCEGSWWH,1183,2349
HLA-B*08:01,CNMFKPGQH,1184,358
HLA-B*18:01,HLKTAEGIV,1185,86
HLA-A*26:01,HCPMGEEPP,1186,1539
HLA-B*58:01,EMYMHETTA,1187,1884
HLA-A*01:01,GIEEDDVTF,1188,1483
HLA-A*03:01,NFGHCCFDE,1189,1823
HLA-B*39:01,HDYQEHCSV,1190,816
HLA-B*39:01,QLCIFNCVK,1191,1921
HLA-B*18:01,GLKWMKMGL,1192,1100
HLA-A*03:01,DITMVKQFC,1193,2083
HLA-B*08:01,KEYHMDISG,1194,982
HLA-A*03:01,KAAPSVRSV,1195,1277
HLA-B*15:01,IIWFLSALF,1196,2080
HLA-A*02:01,TDWDHSEQG,1197,1705
HLA-B*08:01,IIWFLSALF,1198,2074
HLA-A*01:01,DDIEMMLHS,1199,1392
HLA-A*02:01,AGDPSSYVM,1200,145
HLA-B*40:02,TVADNDRTL,1201,1857
HLA-B*58:01,MYFHQFCYP,1202,2404
HLA-B*27:05,CCLMMTRRR,1203,477
HLA-B*07:02,PVHRYTQDV,1204,786
HLA-B*39:01,WCRKNYLKK,1205,894
HLA-B*40:02,GEGFVPIKY,1206,1649
HLA-A*24:02,MVGTQLCML,1207,2318
HLA-B*18:01,IIWFLSALF,1208,2075
HLA-B*40:02,TCLWSFQLR,1209,882
HLA-A*01:01,ASTELYYWH,1210,2523
HLA-A*03:01,GISVIAPAY,1211,42
HLA-A*02:01,SGWWPGFHT,1212,54
HLA-A*03:01,YMISKDNKT,1213,445
HLA-B*39:01,NEIDSSYWS,1214,270
HLA-B*39:01,FMGISYDQA,1215,322
HLA-B*39:01,KGCNVRETL,1216,1908
HLA-B*15:01,SNADWNHPP,1217,2106
HLA-B*40:02,CNMFKPGQH,1218,362
HLA-B*40:02,SGWWPGFHT,1219,63
HLA-A*24:02,RFDVWMFCA,1220,173
HLA-B*58:01,YDSFKEWRE,1221,168
HLA-B*08:01,SDWSIALHS,1222,2308
HLA-B*07:02,RCESEIYNH,1223,1293
HLA-B*07:02,DKATFHFHP,1224,760
HLA-B*39:01,DRCPFMPCM,1225,0
HLA-B*58:01,PGREMIDQT,1226,2482
HLA-B*07:02,PDHLLNFDS,1227,1319
HLA-A*02:01,QRKDGLVNL,1228,1588
HLA-B*39:01,NSSSECISA,1229,283
HLA-B*15:01,MNMRQVMPW,1230,2210
HLA-A*24:02,IGHPALYWC,1231,1551
HLA-A*24:02,MAAHQRMHL,1232,1356
HLA-A*26:01,HECAQKHRH,1233,239
HLA-A*02:01,EMYMHETTA,1234,1874
HLA-B*18:01,RKAKMGLWS,1235,1048
HLA-B*27:05,LWAQVLMAQ,1236,1478
HLA-A*02:01,FTRFNGMAK,1237,1731
HLA-A*03:01,WCMVENPMN,1238,419
HLA-B*15:01,CFHDCVCIW,1239,2496
HLA-B*27:05,RCESEIYNH,1240,1296
HLA-B*58:01,RGLHNALYW,1241,922
HLA-B*40:02,TDWDHSEQG,1242,1714
HLA-B*39:01,FHATHWWGF,1243,647
HLA-B*15:01,CAQHYTIMH,1244,312
HLA-B*07:02,TAIGGNPLC,1245,1267
HLA-B*27:05,WHSNINNKV,1246,1127
HLA-A*03:01,LHDDGKQKR,1247,653
HLA-B*27:05,EWMVFYIIK,1248,594
HLA-B*40:02,GYNVFPSNG,1249,1467
HLA-A*26:01,MCDFYGHQM,1250,1578
HLA-B*39:01,YLIWHSGCP,1251,2220
HLA-A*03:01,NLCKRGIPM,1252,1433
HLA-B*58:01,NAFAKVSIT,1253,2144
HLA-B*27:05,MVVHFMPLY,1254,711
HLA-B*39:01,PGVGDKKSI,1255,2259
HLA-B*39:01,NVTIFDSSM,1256,1726
HLA-B*08:01,LLAGRMPVL,1257,930
HLA-B*39:01,LQRMHARYV,1258,2246
HLA-B*58:01,WHIGWYRPP,1259,220
HLA-B*08:01,IGHPALYWC,1260,1554
HLA-B*27:05,CRAWPPYSD,1261,2414
HLA-B*27:05,FCTIERYKL,1262,438
HLA-B*07:02,FLAHTPIGE,1263,669
HLA-A*24:02,KIYDDYWSK,1264,836
HLA-A*02:01,VSLKKCMIR,1265,691
HLA-B*18:01,LHDDGKQKR,1266,658
HLA-A*01:01,RCESEIYNH,1267,1288
HLA-B*15:01,VSLKKCMIR,1268,702
HLA-B*07:02,CNWVAWHRK,1269,409
HLA-B*58:01,NQVLVIDLY,1270,727
HLA-B*27:05,VAAWMKILF,1271,2154
HLA-B*58:01,WQRNRYLSS,1272,467
HLA-A*24:02,IQWEGFIKH,1273,2162
HLA-A*01:01,PDHLLNFDS,1274,1314
HLA-A*24:02,WMHRIKTTI,1275,511
HLA-A*01:01,RRQFRRIHV,1276,2185
HLA-A*03:01,VSLKKCMIR,1277,692
HLA-B*07:02,EPVMTQHKF,1278,799
HLA-B*27:05,IEHEEMSIP,1279,490
HLA-A*26:01,ATLVIVQPF,1280,1773
HLA-B*15:01,DAWSILEIA,1281,858
HLA-B*58:01,KYEVHSIDA,1282,1637
HLA-A*03:01,NSLDSATHH,1283,1979
HLA-B*40:02,MVVHFMPLY,1284,713
HLA-B*40:02,VAAWMKILF,1285,2156
HLA-B*08:01,NLCKRGIPM,1286,1437
HLA-A*03:01,QRKDGLVNL,1287,1589
HLA-B*07:02,FMHLRYTFV,1288,1865
HLA-B*18:01,EVPISAINL,1289,2543
HLA-A*02:01,WHSNINNKV,1290,1120
HLA-B*27:05,CAQHYTIMH,1291,308
HLA-B*07:02,QCAFIVMWH,1292,1150
HLA-B*08:01,AHIDSQNKW,1293,345
HLA-B*27:05,KGCNVRETL,1294,1907
HLA-B*18:01,TAREDPCIP,1295,554
HLA-B*58:01,FVGEWWAIH,1296,1000
HLA-A*01:01,KLYAYTTGE,1297,391
HLA-B*40:02,RKAKMGLWS,1298,1051
HLA-B*39:01,MYFHQFCYP,1299,2402
HLA-B*40:02,STRQDFPVN,1300,1428
HLA-B*08:01,LDRVLDYLH,1301,72
HLA-B*08:01,VSLKKCMIR,1302,696
HLA-A*03:01,TEENVCWDH,1303,952
HLA-A*24:02,KEYHMDISG,1304,979
HLA-A*26:01,MVNWSYTAP,1305,772
HLA-B*39:01,KQASGTMYV,1306,1687
HLA-B*08:01,CRAWPPYSD,1307,2412
HLA-A*02:01,LQRMHARYV,1308,2238
HLA-B*18:01,DCAAPIHNP,1309,2465
HLA-A*01:01,RSTIILWFF,1310,1808
HLA-A*24:02,TCWCRDKLR,1311,823
HLA-A*01:01,DQACLWGTG,1312,495
HLA-A*24:02,RNTCEQTME,1313,628
HLA-B*18:01,MADLCRHVD,1314,1997
HLA-B*15:01,TAIGGNPLC,1315,1274
HLA-A*03:01,KGCNVRETL,1316,1901
HLA-A*03:01,REQQPQWHC,1317,3
HLA-B*07:02,IIWFLSALF,1318,2073
HLA-A*01:01,TEENVCWDH,1319,950
HLA-B*18:01,LMEKNSGFH,1320,203
HLA-B*08:01,RFDVWMFCA,1321,176
HLA-B*40:02,RRQFRRIHV,1322,2195
HLA-B*27:05,NAFAKVSIT,1323,2141
HLA-B*18:01,FNALSVGRK,1324,2114
HLA-A*24:02,QLCIFNCVK,1325,1915
HLA-B*07:02,FALHGDVGA,1326,1254
HLA-B*07:02,TCLWSFQLR,1327,877
HLA-A*01:01,MCDFYGHQM,1328,1574
HLA-B*07:02,VRYSGGALF,1329,2294
HLA-A*26:01,IEHEEMSIP,1330,486
HLA-B*08:01,RTLDMRSSV,1331,1892
HLA-A*02:01,ICARRQPWC,1332,1328
HLA-A*24:02,TCLWSFQLR,1333,875
HLA-B*27:05,SMSDPQHRE,1334,1309
HLA-B*08:01,FWFLQPHSW,1335,2009
HLA-A*24:02,FALHGDVGA,1336,1252
HLA-B*39:01,KEYHMDISG,1337,985
HLA-A*03:01,ACPDFGKQM,1338,2018
HLA-A*24:02,VRYSGGALF,1339,2292
HLA-B*18:01,AYVIRLFVH,1340,2387
HLA-B*07:02,KSEFDRVMQ,1341,1943
HLA-A*02:01,DKATFHFHP,1342,756
HLA-B*08:01,FNECVQQQH,1343,1749
HLA-B*40:02,SVHDGHLMA,1344,2182
HLA-B*15:01,MYFHQFCYP,1345,2405
HLA-A*24:02,DKATFHFHP,1346,758
HLA-B*15:01,QLCIFNCVK,1347,1924
HLA-A*03:01,MVGTQLCML,1348,2317
HLA-A*01:01,YLIWHSGCP,1349,2211
HLA-A*02:01,NAFAKVSIT,1350,2134
HLA-B*58:01,SFREDAKMQ,1351,2053
HLA-A*01:01,DQTPCSIHA,1352,1223
HLA-A*24:02,MCDFYGHQM,1353,1577
HLA-B*07:02,QKKCRHQIG,1354,2554
HLA-A*03:01,FCTIERYKL,1355,432
HLA-B*40:02,WHKTTNETY,1356,908
HLA-A*24:02,YYPRDWTQF,1357,602
HLA-A*24:02,NSLDSATHH,1358,1980
HLA-A*26:01,MFEQPPTGW,1359,2501
HLA-B*27:05,RKAKMGLWS,1360,1049
HLA-B*07:02,GEGFVPIKY,1361,1644
HLA-A*03:01,GNAWQVFVV,1362,2226
HLA-A*03:01,RKAKMGLWS,1363,1043
HLA-B*18:01,TDHAQLYTS,1364,112
HLA-A*26:01,WCQYGAREK,1365,2423
HLA-B*15:01,MCDFYGHQM,1366,1586
HLA-B*39:01,RKIPANKFE,1367,569
HLA-A*24:02,DKECWSCWH,1368,1564
HLA-A*02:01,ACLQVCVAN,1369,1107
HLA-A*01:01,NVTIFDSSM,1370,1717
HLA-A*03:01,IIWFLSALF,1371,2070
HLA-A*03:01,FDNDWCEIK,1372,1238
HLA-B*07:02,LHDDGKQKR,1373,656
HLA-A*01:01,QDCKPQIKM,1374,2055
HLA-A*26:01,IIWFLSALF,1375,2072
HLA-B*07:02,LQRMHARYV,1376,2242
HLA-B*18:01,LWAQVLMAQ,1377,1477
HLA-B*58:01,GIRVLENFD,1378,688
HLA-B*27:05,KSEFDRVMQ,1379,1946
HLA-B*15:01,GNAWQVFVV,1380,2236
HLA-A*02:01,FMHLRYTFV,1381,1861
HLA-B*40:02,FHATHWWGF,1382,648
HLA-B*40:02,FKLLPIPKK,1383,1805
HLA-B*39:01,RGCFSQLAF,1384,1375
HLA-A*01:01,WMLDMYWCA,1385,612
HLA-B*18:01,YIGPSMFHM,1386,1763
HLA-A*01:01,SRYHAQDIF,1387,287
HLA-B*58:01,GQPGCMLKT,1388,974
HLA-B*27:05,CNWVAWHRK,1389,412
HLA-A*24:02,AGDPSSYVM,1390,147
HLA-B*27:05,WCQYGAREK,1391,2427
HLA-B*39:01,LHDDGKQKR,1392,660
HLA-B*40:02,CVWWMIIWG,1393,1194
HLA-B*08:01,VAAWMKILF,1394,2152
HLA-A*02:01,MREKSKMMY,1395,1601
HLA-B*15:01,NAFAKVSIT,1396,2145
HLA-B*40:02,MCDFYGHQM,1397,1584
HLA-B*15:01,FNFQNMNLC,1398,143
HLA-B*27:05,CFHDCVCIW,1399,2492
HLA-B*58:01,GEGFVPIKY,1400,1650
HLA-B*27:05,NFVRQYQEW,1401,2596
HLA-B*18:01,CNMFKPGQH,1402,359
HLA-A*03:01,ATLVIVQPF,1403,1771
HLA-A*02:01,MRISVQQPC,1404,1783
HLA-B*27:05,AYVIRLFVH,1405,2388
HLA-A*02:01,TAIGGNPLC,1406,1263
HLA-A*03:01,QDCKPQIKM,1407,2057
HLA-B*58:01,NKVALWICH,1408,2365
HLA-B*18:01,WCQYGAREK,1409,2426
HLA-A*03:01,CIICWSYWK,1410,536
HLA-B*07:02,DITMVKQFC,1411,2086
HLA-B*39:01,MREKSKMMY,1412,1609
HLA-A*26:01,NSSSECISA,1413,278
HLA-B*15:01,DKATFHFHP,1414,767
HLA-A*03:01,CNMFKPGQH,1415,354
HLA-B*08:01,FIIGNDGFN,1416,2035
HLA-A*01:01,CNWVAWHRK,1417,404
HLA-B*39:01,KAAPSVRSV,1418,1284
HLA-B*15:01,RHLEQRPGA,1419,1976
HLA-B*27:05,MREKSKMMY,1420,1608
HLA-B*07:02,GLKWMKMGL,1421,1098
HLA-B*08:01,QANNKSIDC,1422,1957
HLA-A*03:01,GQPGCMLKT,1423,965
HLA-B*58:01,CCLHLCGMY,1424,1026
HLA-B*58:01,RSTIILWFF,1425,1819
HLA-A*02:01,YIGPSMFHM,1426,1757
HLA-B*58:01,NSSSECISA,1427,285
HLA-B*08:01,TCLWSFQLR,1428,878
HLA-B*27:05,YLIWHSGCP,1429,2219
HLA-A*01:01,CIICWSYWK,1430,534
HLA-A*03:01,RRQFRRIHV,1431,2187
HLA-A*02:01,SQWMPHHWN,1432,1835
HLA-A*24:02,NSSSECISA,1433,277
HLA-A*24:02,REQQPQWHC,1434,4
HLA-B*39:01,CCLHLCGMY,1435,1024
HLA-B*08:01,DKATFHFHP,1436,761
HLA-A*01:01,IMMQLTQDI,1437,1210
HLA-B*18:01,EWMVFYIIK,1438,593
HLA-A*03:01,PVNEDWHNM,1439,1615
HLA-B*07:02,NVTIFDSSM,1440,1722
HLA-B*39:01,VRYSGGALF,1441,2298
HLA-B*58:01,ASTELYYWH,1442,2534
HLA-B*08:01,KGCNVRETL,1443,1905
HLA-A*02:01,KEYHMDISG,1444,977
HLA-A*24:02,QPPYMEWFI,1445,1447
HLA-A*01:01,DTHSDIFHS,1446,859
HLA-B*18:01,VPVWESKYT,1447,21
HLA-B*08:01,MVGTQLCML,1448,2321
HLA-B*58:01,SVHDGHLMA,1449,2183
HLA-A*03:01,HECAQKHRH,1450,237
HLA-A*24:02,NAFAKVSIT,1451,2136
HLA-A*03:01,YDSFKEWRE,1452,159
HLA-B*15:01,RGCFSQLAF,1453,1378
HLA-B*27:05,TVADNDRTL,1454,1855
HLA-B*15:01,TAANSKHCV,1455,1092
HLA-B*27:05,SDWSIALHS,1456,2310
HLA-A*03:01,AGDPSSYVM,1457,146
HLA-A*03:01,YLIWHSGCP,1458,2213
HLA-B*40:02,QANNKSIDC,1459,1961
HLA-B*07:02,CCLHLCGMY,1460,1020
HLA-B*27:05,QHVWDNITE,1461,1075
HLA-B*27:05,FIIGNDGFN,1462,2037
HLA-B*07:02,NEIDSSYWS,1463,266
HLA-B*40:02,TDHAQLYTS,1464,115
HLA-A*26:01,PGREMIDQT,1465,2475
HLA-B*07:02,MVNWSYTAP,1466,773
HLA-B*08:01,DTHSDIFHS,1467,865
HLA-B*18:01,FKLLPIPKK,1468,1802
HLA-A*26:01,WMHRIKTTI,1469,512
HLA-B*39:01,ITILSGTDL,1470,1206
HLA-A*01:01,NSLDSATHH,1471,1977
HLA-B*40:02,WYVGTWGHS,1472,2442
HLA-A*03:01,HWPMHISAG,1473,1004
HLA-B*39:01,SRYHAQDIF,1474,296
HLA-B*08:01,TEENVCWDH,1475,956
HLA-B*08:01,QKPRCVVCP,1476,332
HLA-B*27:05,DVPVVMVIQ,1477,1699
HLA-B*08:01,FTKNDSEYW,1478,1177
HLA-B*40:02,NQVLVIDLY,1479,726
HLA-B*39:01,AGDPSSYVM,1480,153
HLA-B*39:01,TVADNDRTL,1481,1856
HLA-A*03:01,AYVIRLFVH,1482,2382
HLA-B*15:01,RFDVWMFCA,1483,182
HLA-B*18:01,SFREDAKMQ,1484,2049
HLA-B*58:01,NSLDSATHH,1485,1988
HLA-B*18:01,FNFQNMNLC,1486,138
HLA-A*02:01,IRTFCGLPD,1487,28
HLA-A*26:01,RHLEQRPGA,1488,1968
HLA-A*03:01,FNECVQQQH,1489,1745
HLA-A*03:01,MREKSKMMY,1490,1602
HLA-B*15:01,VRYSGGALF,1491,2301
HLA-B*15:01,FMGISYDQA,1492,325
HLA-B*39:01,NLCKRGIPM,1493,1440
HLA-A*03:01,LMEKNSGFH,1494,198
HLA-A*03:01,CFHDCVCIW,1495,2486
HLA-B*27:05,LKDDFRPTY,1496,2583
HLA-B*15:01,SEIRLPRDW,1497,585
HLA-B*40:02,LQRMHARYV,1498,2247
HLA-A*01:01,VNFCNLITW,1499,2120
HLA-B*27:05,EVPISAINL,1500,2544
HLA-B*40:02,CAQHYTIMH,1501,310
HLA-B*40:02,NLCKRGIPM,1502,1441
HLA-A*24:02,WHSNINNKV,1503,1122
HLA-A*02:01,NLCKRGIPM,1504,1432
HLA-A*02:01,CHACFGVDP,1505,119
HLA-B*58:01,DRCPFMPCM,1506,740
HLA-B*58:01,FTRFNGMAK,1507,1741
HLA-B*18:01,IQMDKWANV,1508,2517
HLA-B*08:01,NAFAKVSIT,1509,2139
HLA-A*02:01,WNWLCQQKA,1510,2264
HLA-B*08:01,WCMVENPMN,1511,423
HLA-A*03:01,IQMDKWANV,1512,2512
HLA-A*03:01,KQASGTMYV,1513,1680
HLA-A*26:01,SFREDAKMQ,1514,2046
HLA-B*39:01,HCPMGEEPP,1515,1544
HLA-B*08:01,WMHRIKTTI,1516,514
HLA-A*02:01,ACPDFGKQM,1517,2017
HLA-A*01:01,PEGYNCAAY,1518,1496
HLA-B*15:01,WHKTTNETY,1519,910
HLA-B*08:01,DQACLWGTG,1520,501
HLA-B*18:01,FMGISYDQA,1521,320
HLA-A*26:01,TVADNDRTL,1522,1851
HLA-B*58:01,LHDDGKQKR,1523,662
HLA-B*39:01,HWPMHISAG,1524,1011
HLA-B*58:01,VAAWMKILF,1525,2157
HLA-B*07:02,WQRNRYLSS,1526,461
HLA-B*39:01,MNMRQVMPW,1527,2207
HLA-A*01:01,NFGHCCFDE,1528,1821
HLA-B*08:01,TVADNDRTL,1529,1853
HLA-B*39:01,CNMFKPGQH,1530,361
HLA-A*03:01,EFDVLVGSS,1531,94
HLA-A*01:01,FHKRKGYKM,1532,521
HLA-B*39:01,GQPGCMLKT,1533,972
HLA-B*58:01,KMPWVEACF,1534,1143
HLA-A*24:02,RGLHNALYW,1535,914
HLA-B*15:01,KAAPSVRSV,1536,1287
HLA-A*01:01,CFHDCVCIW,1537,2484
HLA-B*07:02,CHACFGVDP,1538,123
HLA-B*07:02,QDCKPQIKM,1539,2060
HLA-B*18:01,KGCNVRETL,1540,1906
HLA-B*58:01,NLCKRGIPM,1541,1442
HLA-A*03:01,QPPYMEWFI,1542,1446
HLA-B*18:01,WCMVENPMN,1543,424
HLA-B*15:01,YIGPSMFHM,1544,1768
HLA-A*02:01,MYFHQFCYP,1545,2394
HLA-A*03:01,LKDDFRPTY,1546,2577
HLA-B*08:01,SQWMPHHWN,1547,1840
HLA-B*40:02,SDWSIALHS,1548,2312
HLA-B*40:02,QRKDGLVNL,1549,1597
HLA-A*24:02,RTLDMRSSV,1550,1889
HLA-A*03:01,YIGPSMFHM,1551,1758
HLA-B*27:05,TCWCRDKLR,1552,828
HLA-B*58:01,SDWSIALHS,1553,2313
HLA-B*27:05,WMHRIKTTI,1554,516
HLA-B*40:02,KIYDDYWSK,1555,843
HLA-A*01:01,TAANSKHCV,1556,1080
HLA-B*40:02,VSLKKCMIR,1557,700
HLA-A*03:01,RHLEQRPGA,1558,1966
HLA-A*02:01,VPVWESKYT,1559,15
HLA-B*08:01,WCRKNYLKK,1560,891
HLA-B*18:01,YMISKDNKT,1561,450
HLA-B*08:01,MFEQPPTGW,1562,2503
HLA-A*26:01,GIEEDDVTF,1563,1487
HLA-B*39:01,MFEQPPTGW,1564,2506
HLA-A*01:01,SDWSIALHS,1565,2302
HLA-B*39:01,SMECVPMAP,1566,946
HLA-B*08:01,IRTFCGLPD,1567,33
HLA-B*27:05,LHDDGKQKR,1568,659
HLA-A*26:01,KEYHMDISG,1569,980
HLA-A*01:01,QCCDECFIF,1570,1158
HLA-B*39:01,FPCEGSWWH,1571,2350
HLA-B*15:01,NFGHCCFDE,1572,1833
HLA-A*02:01,LDRVLDYLH,1573,67
HLA-B*58:01,TCWCRDKLR,1574,831
HLA-A*01:01,YMISKDNKT,1575,443
HLA-A*26:01,CNMFKPGQH,1576,356
HLA-B*07:02,LKDDFRPTY,1577,2580
HLA-B*58:01,CNWVAWHRK,1578,415
HLA-B*08:01,YYPRDWTQF,1579,605
HLA-A*26:01,TDWDHSEQG,1580,1708
HLA-A*24:02,QCCDECFIF,1581,1161
HLA-A*02:01,NVTIFDSSM,1582,1718
HLA-B*15:01,RHWFSMDNM,1583,234
HLA-A*03:01,MNMRQVMPW,1584,2200
HLA-A*26:01,GISVIAPAY,1585,44
HLA-A*26:01,WHKTTNETY,1586,902
HLA-A*01:01,PYYLHAQAT,1587,2445
HLA-B*58:01,GYNVFPSNG,1588,1468
HLA-A*01:01,NQVLVIDLY,1589,716
HLA-B*15:01,ICARRQPWC,1590,1339
HLA-A*01:01,QKKCRHQIG,1591,2549
HLA-B*15:01,YLIWHSGCP,1592,2223
HLA-B*40:02,YIGPSMFHM,1593,1766
HLA-B*27:05,WHKTTNETY,1594,906
HLA-A*24:02,MNMRQVMPW,1595,2201
HLA-B*40:02,PGVGDKKSI,1596,2260
HLA-B*07:02,FMGISYDQA,1597,318
HLA-B*15:01,KIYDDYWSK,1598,845
HLA-B*40:02,SQWMPHHWN,1599,1844
HLA-B*40:02,RGCFSQLAF,1600,1376
HLA-B*07:02,MADLCRHVD,1601,1995
HLA-B*40:02,WNWLCQQKA,1602,2273
HLA-A*26:01,YIGPSMFHM,1603,1760
HLA-A*02:01,HWPMHISAG,1604,1003
HLA-A*02:01,QHVWDNITE,1605,1068
HLA-B*39:01,RCESEIYNH,1606,1297
HLA-A*02:01,RKIPANKFE,1607,561
HLA-A*26:01,RCESEIYNH,1608,1292
HLA-A*02:01,WCQYGAREK,1609,2420
HLA-B*07:02,VNFCNLITW,1610,2125
HLA-A*02:01,KSEFDRVMQ,1611,1939
HLA-B*58:01,CFTQINHRH,1612,2287
HLA-B*18:01,PGVGDKKSI,1613,2257
HLA-A*24:02,WHKTTNETY,1614,901
HLA-B*39:01,ATLVIVQPF,1615,1778
HLA-A*03:01,WMHRIKTTI,1616,510
HLA-A*26:01,DVPVVMVIQ,1617,1695
HLA-A*24:02,ACPDFGKQM,1618,2019
HLA-A*02:01,YDSFKEWRE,1619,158
HLA-A*02:01,QLCIFNCVK,1620,1913
HLA-B*07:02,ITILSGTDL,1621,1202
HLA-B*07:02,HCPMGEEPP,1622,1540
HLA-B*18:01,MCDFYGHQM,1623,1581
HLA-B*40:02,IRTFCGLPD,1624,37
HLA-A*24:02,FTRFNGMAK,1625,1733
HLA-B*08:01,MAAHQRMHL,1626,1359
HLA-B*39:01,PMPADPDNK,1627,1661
HLA-A*26:01,KCKIEYPDK,1628,2371
HLA-B*39:01,QKPRCVVCP,1629,335
HLA-B*40:02,DAWSILEIA,1630,856
HLA-A*26:01,GEGFVPIKY,1631,1643
HLA-B*58:01,WHSNINNKV,1632,1130
HLA-A*26:01,NYVQMVTMV,1633,2332
HLA-B*39:01,DCAAPIHNP,1634,2467
HLA-A*03:01,EPVMTQHKF,1635,796
HLA-B*58:01,IGHPALYWC,1636,1559
HLA-B*39:01,YDSFKEWRE,1637,166
HLA-B*18:01,MNMRQVMPW,1638,2205
HLA-A*02:01,MVNWSYTAP,1639,769
HLA-B*40:02,EFDVLVGSS,1640,102
HLA-A*03:01,WHIGWYRPP,1641,211
HLA-B*58:01,NYVQMVTMV,1642,2339
HLA-A*03:01,DTHSDIFHS,1643,861
HLA-B*08:01,ACPDFGKQM,1644,2022
HLA-B*27:05,TCLWSFQLR,1645,880
HLA-A*24:02,FMGISYDQA,1646,316
HLA-A*24:02,EWMVFYIIK,1647,589
HLA-A*24:02,FHATHWWGF,1648,641
HLA-B*58:01,SQWMPHHWN,1649,1845
HLA-A*24:02,YLIWHSGCP,1650,2214
HLA-B*18:01,RHLEQRPGA,1651,1971
HLA-B*27:05,CLRVRKQMM,1652,1062
HLA-B*07:02,GISVIAPAY,1653,45
HLA-B*18:01,IEHEEMSIP,1654,489
HLA-A*01:01,FVGEWWAIH,1655,989
HLA-B*27:05,CCLHLCGMY,1656,1023
HLA-B*07:02,RFDVWMFCA,1657,175
HLA-B*15:01,QCAFIVMWH,1658,1157
HLA-B*27:05,QPPYMEWFI,1659,1452
HLA-B*15:01,NKVALWICH,1660,2366
HLA-A*01:01,SFREDAKMQ,1661,2042
HLA-B*58:01,FNFQNMNLC,1662,142
HLA-A*24:02,DVPVVMVIQ,1663,1694
HLA-A*03:01,MADLCRHVD,1664,1992
HLA-B*39:01,CFTQINHRH,1665,2285
HLA-A*03:01,DKECWSCWH,1666,1563
HLA-B*40:02,PEGYNCAAY,1667,1506
HLA-B*07:02,MREKSKMMY,1668,1605
HLA-B*15:01,ENFDCFRWW,1669,1534
HLA-B*18:01,EIVHCHLEG,1670,372
HLA-B*15:01,DDIEMMLHS,1671,1404
HLA-B*15:01,IRTFCGLPD,1672,39
HLA-A*02:01,EWMVFYIIK,1673,587
HLA-B*18:01,KAAPSVRSV,1674,1282
HLA-A*01:01,KCKIEYPDK,1675,2367
HLA-B*15:01,RSTIILWFF,1676,1820
HLA-A*26:01,VPVWESKYT,1677,18
HLA-B*58:01,CHACFGVDP,1678,129
HLA-B*07:02,NQVLVIDLY,1679,721
HLA-A*26:01,FVGEWWAIH,1680,993
HLA-B*08:01,MYFHQFCYP,1681,2399
HLA-B*58:01,KVDNVFEKS,1682,1676
HLA-B*27:05,RFDVWMFCA,1683,178
HLA-A*03:01,DDIEMMLHS,1684,1394
HLA-B*40:02,KVDNVFEKS,1685,1675
HLA-B*27:05,STRQDFPVN,1686,1426
HLA-B*39:01,FVGEWWAIH,1687,998
HLA-B*39:01,WHIGWYRPP,1688,218
HLA-B*07:02,YYPRDWTQF,1689,604
HLA-B*40:02,RHWFSMDNM,1690,232
HLA-A*26:01,WYVGTWGHS,1691,2436
HLA-B*18:01,YDSFKEWRE,1692,164
HLA-B*40:02,VRYSGGALF,1693,2299
HLA-B*58:01,RRQFRRIHV,1694,2196
HLA-B*58:01,SEIRLPRDW,1695,584
HLA-B*27:05,CVWWMIIWG,1696,1192
HLA-A*01:01,WCQYGAREK,1697,2419
HLA-B*40:02,YLIWHSGCP,1698,2221
HLA-B*58:01,KEYHMDISG,1699,987
HLA-B*07:02,TAREDPCIP,1700,552
HLA-A*02:01,FNECVQQQH,1701,1744
HLA-B*18:01,ICARRQPWC,1702,1334
HLA-B*58:01,FNALSVGRK,1703,2118
HLA-B*15:01,CVWWMIIWG,1704,1196
HLA-A*24:02,RSTIILWFF,1705,1811
HLA-A*03:01,FALHGDVGA,1706,1251
HLA-B*58:01,QLCIFNCVK,1707,1923
HLA-B*08:01,DQTPCSIHA,1708,1229
HLA-B*07:02,AHIDSQNKW,1709,344
HLA-B*15:01,FDNDWCEIK,1710,1248
HLA-A*03:01,FNALSVGRK,1711,2109
HLA-A*24:02,MRISVQQPC,1712,1785
HLA-A*01:01,MYFHQFCYP,1713,2393
HLA-B*07:02,SDWSIALHS,1714,2307
HLA-A*24:02,CIICWSYWK,1715,537
HLA-B*39:01,NQVLVIDLY,1716,725
HLA-B*15:01,YPQFCDNRP,1717,754
HLA-B*15:01,AGDPSSYVM,1718,156
HLA-B*08:01,GQPGCMLKT,1719,969
HLA-A*02:01,RWNPEASNF,1720,1510
HLA-B*39:01,YMISKDNKT,1721,452
HLA-A*26:01,PVHRYTQDV,1722,785
HLA-B*40:02,NSSSECISA,1723,284
HLA-A*26:01,PGVGDKKSI,1724,2254
HLA-A*02:01,DQACLWGTG,1725,496
HLA-B*18:01,MYFHQFCYP,1726,2400
HLA-A*24:02,FCTIERYKL,1727,433
HLA-A*24:02,MFEQPPTGW,1728,2500
HLA-B*15:01,QANNKSIDC,1729,1963
HLA-A*01:01,KDKYRWMQP,1730,2562
HLA-A*02:01,SVHDGHLMA,1731,2173
HLA-B*07:02,MAAHQRMHL,1732,1358
HLA-B*39:01,DKATFHFHP,1733,764
HLA-B*40:02,HLKTAEGIV,1734,89
HLA-A*26:01,NFVRQYQEW,1735,2592
HLA-B*15:01,FKLLPIPKK,1736,1807
HLA-B*18:01,HWPMHISAG,1737,1009
HLA-B*39:01,ACLQVCVAN,1738,1115
HLA-B*27:05,WHIGWYRPP,1739,217
HLA-B*27:05,NSSSECISA,1740,282
HLA-B*39:01,IGHPALYWC,1741,1557
HLA-A*01:01,IGHPALYWC,1742,1548
HLA-A*03:01,FHATHWWGF,1743,640
HLA-B*27:05,GLKWMKMGL,1744,1101
HLA-B*15:01,ITILSGTDL,1745,1209
HLA-A*01:01,TCLWSFQLR,1746,872
HLA-B*58:01,FNECVQQQH,1747,1754
HLA-A*02:01,YTCEDKKCE,1748,184
HLA-A*26:01,RRQFRRIHV,1749,2189
HLA-B*27:05,RCDAKEPWN,1750,1348
HLA-B*07:02,EVPISAINL,1751,2541
HLA-B*15:01,PGVGDKKSI,1752,2262
HLA-B*08:01,EFDVLVGSS,1753,98
HLA-A*03:01,LQRMHARYV,1754,2239
HLA-A*26:01,QLCIFNCVK,1755,1916
HLA-A*01:01,DRCPFMPCM,1756,729
HLA-B*40:02,DITMVKQFC,1757,2091
HLA-B*58:01,GNAWQVFVV,1758,2235
HLA-B*15:01,YDSFKEWRE,1759,169
HLA-B*40:02,EMYMHETTA,1760,1883
HLA-A*24:02,CLRVRKQMM,1761,1057
HLA-A*01:01,DKECWSCWH,1762,1561
HLA-B*07:02,PMPADPDNK,1763,1657
HLA-A*26:01,CHACFGVDP,1764,122
HLA-A*26:01,MNMRQVMPW,1765,2202
HLA-B*08:01,NFVRQYQEW,1766,2594
HLA-A*02:01,STRQDFPVN,1767,1419
HLA-A*01:01,WYVGTWGHS,1768,2432
HLA-A*24:02,FVGEWWAIH,1769,992
HLA-B*39:01,FALHGDVGA,1770,1258
HLA-A*02:01,KQASGTMYV,1771,1679
HLA-B*08:01,NYVQMVTMV,1772,2334
HLA-A*01:01,PMPADPDNK,1773,1652
HLA-B*08:01,RSTIILWFF,1774,1814
HLA-A*02:01,AYVIRLFVH,1775,2381
HLA-A*26:01,IQMDKWANV,1776,2514
HLA-A*01:01,GLKWMKMGL,1777,1093
HLA-B*15:01,VAAWMKILF,1778,2158
HLA-B*27:05,DQACLWGTG,1779,503
HLA-A*24:02,LWAQVLMAQ,1780,1473
HLA-B*27:05,NSLDSATHH,1781,1985
HLA-A*02:01,PDHLLNFDS,1782,1315
HLA-B*08:01,ACLQVCVAN,1783,1112
HLA-A*24:02,KAAPSVRSV,1784,1278
HLA-B*15:01,CFTQINHRH,1785,2288
HLA-B*15:01,FMHLRYTFV,1786,1872
HLA-A*24:02,DQACLWGTG,1787,498
HLA-B*07:02,KIYDDYWSK,1788,838
HLA-B*15:01,EPVMTQHKF,1789,806
HLA-B*18:01,ENFDCFRWW,1790,1529
HLA-A*24:02,KDKYRWMQP,1791,2565
HLA-B*39:01,RGLHNALYW,1792,920
HLA-B*18:01,CNWVAWHRK,1793,411
HLA-A*24:02,TVADNDRTL,1794,1850
HLA-B*18:01,SRYHAQDIF,1795,294
HLA-A*03:01,WCRKNYLKK,1796,887
HLA-B*39:01,SDWSIALHS,1797,2311
HLA-B*39:01,DDIEMMLHS,1798,1401
HLA-A*03:01,PYYLHAQAT,1799,2447
HLA-B*15:01,MREKSKMMY,1800,1612
HLA-A*26:01,QANNKSIDC,1801,1955
HLA-B*58:01,MVNWSYTAP,1802,779
HLA-B*27:05,GNAWQVFVV,1803,2232
HLA-B*07:02,IEHEEMSIP,1804,487
HLA-A*02:01,SEIRLPRDW,1805,574
HLA-A*01:01,KSEFDRVMQ,1806,1938
HLA-B*15:01,RTLDMRSSV,1807,1898
HLA-B*18:01,RFDVWMFCA,1808,177
HLA-B*18:01,FLAHTPIGE,1809,671
HLA-B*18:01,DRCPFMPCM,1810,736
HLA-A*24:02,ASTELYYWH,1811,2526
HLA-B*40:02,DCAAPIHNP,1812,2468
HLA-A*24:02,NQVLVIDLY,1813,719
HLA-A*02:01,LKDDFRPTY,1814,2576
HLA-A*01:01,FMGISYDQA,1815,313
HLA-B*18:01,PWVLFPFCA,1816,385
HLA-B*39:01,AYVIRLFVH,1817,2389
HLA-A*26:01,FLAHTPIGE,1818,668
HLA-B*07:02,IRTFCGLPD,1819,32
HLA-B*07:02,FNFQNMNLC,1820,136
HLA-B*58:01,PVNEDWHNM,1821,1624
HLA-B*58:01,CVWWMIIWG,1822,1195
HLA-B*07:02,WHSNINNKV,1823,1124
HLA-B*27:05,DTHSDIFHS,1824,867
HLA-B*40:02,YTCEDKKCE,1825,193
HLA-B*58:01,HLKTAEGIV,1826,90
HLA-B*18:01,NKVALWICH,1827,2361
HLA-B*15:01,CIICWSYWK,1828,546
HLA-A*26:01,MVVHFMPLY,1829,707
HLA-A*26:01,FCTIERYKL,1830,434
HLA-B*18:01,DDIEMMLHS,1831,1399
HLA-B*08:01,RHWFSMDNM,1832,228
HLA-B*40:02,KSEFDRVMQ,1833,1948
HLA-B*39:01,EWMVFYIIK,1834,595
HLA-B*08:01,WQRNRYLSS,1835,462
HLA-B*08:01,EVPISAINL,1836,2542
HLA-B*08:01,KMPWVEACF,1837,1138
HLA-B*18:01,RGLHNALYW,1838,918
HLA-A*02:01,RHLEQRPGA,1839,1965
HLA-B*39:01,QCCDECFIF,1840,1167
HLA-B*40:02,FTRFNGMAK,1841,1740
HLA-B*40:02,YYPRDWTQF,1842,609
HLA-B*18:01,QRKDGLVNL,1843,1594
HLA-A*01:01,YPQFCDNRP,1844,742
HLA-B*07:02,SMSDPQHRE,1845,1306
HLA-A*26:01,DAWSILEIA,1846,850
HLA-B*27:05,TDWDHSEQG,1847,1712
HLA-B*18:01,HCPMGEEPP,1848,1542
HLA-A*24:02,EVPISAINL,1849,2539
HLA-B*18:01,CCLMMTRRR,1850,476
HLA-B*07:02,PVNEDWHNM,1851,1618
HLA-B*08:01,PGREMIDQT,1852,2477
HLA-B*07:02,RKIPANKFE,1853,565
HLA-A*02:01,WHIGWYRPP,1854,210
HLA-B*40:02,IQWEGFIKH,1855,2169
HLA-B*07:02,HDYQEHCSV,1856,812
HLA-A*03:01,IEHEEMSIP,1857,484
HLA-A*02:01,VAAWMKILF,1858,2147
HLA-A*26:01,CRAWPPYSD,1859,2410
HLA-A*02:01,DCAAPIHNP,1860,2459
HLA-A*24:02,QANNKSIDC,1861,1954
HLA-A*24:02,WYVGTWGHS,1862,2435
HLA-A*24:02,PACTTEQCW,1863,251
HLA-B*18:01,PACTTEQCW,1864,255
HLA-B*39:01,PACTTEQCW,1865,257
HLA-B*07:02,DQACLWGTG,1866,500
HLA-B*15:01,TCWCRDKLR,1867,832
HLA-B*27:05,CHACFGVDP,1868,126
HLA-A*03:01,EWMVFYIIK,1869,588
HLA-B*27:05,SGWWPGFHT,1870,61
HLA-B*08:01,YDSFKEWRE,1871,163
HLA-B*39:01,WYVGTWGHS,1872,2441
HLA-A*24:02,YIGPSMFHM,1873,1759
HLA-B*07:02,TDHAQLYTS,1874,110
HLA-B*40:02,CCLHLCGMY,1875,1025
HLA-A*26:01,NAFAKVSIT,1876,2137
HLA-B*18:01,FVGEWWAIH,1877,996
HLA-A*01:01,FKLLPIPKK,1878,1795
HLA-A*03:01,SMSDPQHRE,1879,1303
HLA-B*07:02,FKLLPIPKK,1880,1800
HLA-A*02:01,AMAHYNEWL,1881,1380
HLA-B*27:05,KDKYRWMQP,1882,2570
HLA-A*24:02,RRQFRRIHV,1883,2188
HLA-A*24:02,TAIGGNPLC,1884,1265
HLA-B*58:01,WYVGTWGHS,1885,2443
HLA-A*03:01,NVTIFDSSM,1886,1719
HLA-B*15:01,KYEVHSIDA,1887,1638
HLA-B*15:01,CNWVAWHRK,1888,416
HLA-B*08:01,CFHDCVCIW,1889,2490
HLA-B*58:01,WMLDMYWCA,1890,623
HLA-A*26:01,EPVMTQHKF,1891,798
HLA-B*18:01,AHIDSQNKW,1892,346
HLA-B*08:01,QCCDECFIF,1893,1164
HLA-A*01:01,IQWEGFIKH,1894,2159
HLA-B*27:05,MCDFYGHQM,1895,1582
HLA-B*15:01,YTCEDKKCE,1896,195
HLA-B*40:02,FNECVQQQH,1897,1753
HLA-B*58:01,YMISKDNKT,1898,454
HLA-A*02:01,TVADNDRTL,1899,1848
HLA-A*26:01,PWVLFPFCA,1900,382
HLA-B*39:01,TDWDHSEQG,1901,1713
HLA-A*24:02,WCQYGAREK,1902,2422
HLA-B*15:01,KMPWVEACF,1903,1144
HLA-A*03:01,CCLMMTRRR,1904,471
HLA-B*18:01,KLYAYTTGE,1905,398
HLA-B*15:01,DITMVKQFC,1906,2093
HLA-B*15:01,DKECWSCWH,1907,1573
HLA-A*01:01,CHACFGVDP,1908,118
HLA-B*58:01,FLAHTPIGE,1909,675
HLA-A*02:01,HCPMGEEPP,1910,1536
HLA-B*07:02,VAAWMKILF,1911,2151
HLA-B*15:01,GISVIAPAY,1912,52
HLA-B*40:02,CFTQINHRH,1913,2286
HLA-B*27:05,WQRNRYLSS,1914,464
HLA-A*01:01,PACTTEQCW,1915,248
HLA-B*58:01,WHKTTNETY,1916,909
HLA-A*02:01,GIEEDDVTF,1917,1484
HLA-A*26:01,EMYMHETTA,1918,1877
HLA-A*03:01,TCWCRDKLR,1919,822
HLA-A*02:01,FHKRKGYKM,1920,522
HLA-B*39:01,AMAHYNEWL,1921,1388
HLA-A*01:01,MFEQPPTGW,1922,2497
HLA-A*01:01,PVNEDWHNM,1923,1613
HLA-B*58:01,AGDPSSYVM,1924,155
HLA-A*01:01,QLCIFNCVK,1925,1912
HLA-A*03:01,MCDFYGHQM,1926,1576
HLA-B*27:05,NLCKRGIPM,1927,1439
HLA-B*39:01,EAECPPFFG,1928,1037
HLA-B*07:02,TCWCRDKLR,1929,825
HLA-B*18:01,FTRFNGMAK,1930,1737
HLA-B*18:01,MFEQPPTGW,1931,2504
HLA-B*27:05,LLAGRMPVL,1932,932
HLA-B*08:01,NEIDSSYWS,1933,267
HLA-A*24:02,QCAFIVMWH,1934,1148
HLA-B*18:01,PDHLLNFDS,1935,1321
HLA-A*01:01,LLAGRMPVL,1936,924
HLA-B*39:01,LKDDFRPTY,1937,2584
HLA-B*07:02,QANNKSIDC,1938,1956
HLA-B*15:01,RCESEIYNH,1939,1300
HLA-B*08:01,CCLHLCGMY,1940,1021
HLA-B*39:01,IQMDKWANV,1941,2519
HLA-A*26:01,WCMVENPMN,1942,421
HLA-B*08:01,EIVHCHLEG,1943,371
HLA-B*27:05,VNFCNLITW,1944,2128
HLA-A*01:01,TDHAQLYTS,1945,105
HLA-A*02:01,FPCEGSWWH,1946,2342
HLA-B*07:02,NSLDSATHH,1947,1982
HLA-A*24:02,WMLDMYWCA,1948,615
HLA-B*27:05,NKVALWICH,1949,2362
HLA-B*08:01,IQMDKWANV,1950,2516
HLA-B*58:01,WNWLCQQKA,1951,2274
HLA-A*02:01,CNMFKPGQH,1952,353
HLA-B*39:01,NFGHCCFDE,1953,1830
HLA-A*02:01,EVPISAINL,1954,2537
HLA-B*27:05,TAREDPCIP,1955,555
HLA-A*24:02,RKAKMGLWS,1956,1044
HLA-B*58:01,MAAHQRMHL,1957,1364
HLA-A*03:01,NQVLVIDLY,1958,718
HLA-B*18:01,MVGTQLCML,1959,2322
HLA-A*26:01,REQQPQWHC,1960,5
HLA-B*15:01,NEIDSSYWS,1961,273
HLA-A*26:01,PACTTEQCW,1962,252
HLA-B*07:02,CNMFKPGQH,1963,357
HLA-B*08:01,FKLLPIPKK,1964,1801
HLA-B*40:02,MYFHQFCYP,1965,2403
HLA-A*03:01,IQWEGFIKH,1966,2161
HLA-B*40:02,HECAQKHRH,1967,245
HLA-A*03:01,MVVHFMPLY,1968,705
HLA-B*39:01,MRISVQQPC,1969,1791
HLA-A*02:01,TCLWSFQLR,1970,873
HLA-B*40:02,IEHEEMSIP,1971,492
HLA-A*24:02,WQRNRYLSS,1972,459
HLA-B*27:05,KAAPSVRSV,1973,1283
HLA-A*24:02,KYEVHSIDA,1974,1629
HLA-B*40:02,FNALSVGRK,1975,2117
HLA-A*24:02,HECAQKHRH,1976,238
HLA-A*26:01,NLCKRGIPM,1977,1435
HLA-B*27:05,SQWMPHHWN,1978,1842
HLA-A*26:01,RKIPANKFE,1979,564
HLA-B*07:02,RHWFSMDNM,1980,227
HLA-B*15:01,DVPVVMVIQ,1981,1703
HLA-B*39:01,EIVHCHLEG,1982,374
HLA-B*58:01,GSKTSFIPT,1983,1416
HLA-B*58:01,LMEKNSGFH,1984,207
HLA-A*02:01,RGCFSQLAF,1985,1367
HLA-B*58:01,TVADNDRTL,1986,1858
HLA-A*02:01,KDKYRWMQP,1987,2563
HLA-A*02:01,LWAQVLMAQ,1988,1471
HLA-B*18:01,PYYLHAQAT,1989,2452
HLA-B*08:01,NKVALWICH,1990,2360
HLA-A*26:01,FDNDWCEIK,1991,1240
HLA-A*24:02,RWNPEASNF,1992,1512
HLA-A*01:01,ACPDFGKQM,1993,2016
HLA-A*26:01,CCLHLCGMY,1994,1019
HLA-B*27:05,PYYLHAQAT,1995,2453
HLA-B*27:05,NQVLVIDLY,1996,724
HLA-A*26:01,TCLWSFQLR,1997,876
HLA-B*18:01,DKECWSCWH,1998,1568
HLA-B*39:01,KMPWVEACF,1999,1141
HLA-B*40:02,NEIDSSYWS,2000,271
HLA-B*27:05,CNMFKPGQH,2001,360
HLA-B*27:05,REQQPQWHC,2002,9
HLA-A*03:01,DQTPCSIHA,2003,1225
HLA-B*08:01,MREKSKMMY,2004,1606
HLA-A*02:01,GISVIAPAY,2005,41
HLA-A*26:01,PMPADPDNK,2006,1656
HLA-A*02:01,SFREDAKMQ,2007,2043
HLA-B*58:01,LWAQVLMAQ,2008,1481
HLA-A*26:01,NFGHCCFDE,2009,1825
HLA-B*39:01,GEGFVPIKY,2010,1648
HLA-B*07:02,WMLDMYWCA,2011,617
HLA-B*40:02,CIICWSYWK,2012,544
HLA-A*26:01,TDHAQLYTS,2013,109
HLA-B*08:01,CFTQINHRH,2014,2282
HLA-B*39:01,HECAQKHRH,2015,244
HLA-A*24:02,CHACFGVDP,2016,121
HLA-B*58:01,MVGTQLCML,2017,2326
HLA-A*02:01,FMGISYDQA,2018,314
HLA-A*02:01,HLKTAEGIV,2019,80
HLA-B*27:05,ACPDFGKQM,2020,2024
HLA-A*01:01,SQWMPHHWN,2021,1834
HLA-B*07:02,WNWLCQQKA,2022,2268
HLA-B*07:02,QHVWDNITE,2023,1072
HLA-A*03:01,HLKTAEGIV,2024,81
HLA-B*40:02,TCWCRDKLR,2025,830
HLA-A*01:01,CNMFKPGQH,2026,352
HLA-B*18:01,ACLQVCVAN,2027,1113
HLA-B*15:01,TDWDHSEQG,2028,1716
HLA-B*39:01,DQACLWGTG,2029,504
HLA-A*26:01,LMEKNSGFH,2030,200
HLA-B*39:01,RSTIILWFF,2031,1817
HLA-B*40:02,GSKTSFIPT,2032,1415
HLA-B*40:02,NFVRQYQEW,2033,2598
HLA-B*39:01,PVNEDWHNM,2034,1622
HLA-A*26:01,KGCNVRETL,2035,1903
HLA-A*03:01,EAECPPFFG,2036,1030
HLA-B*07:02,ACPDFGKQM,2037,2021
HLA-B*40:02,QDCKPQIKM,2038,2065
HLA-B*39:01,WNWLCQQKA,2039,2272
HLA-A*02:01,FNFQNMNLC,2040,132
HLA-A*24:02,QKPRCVVCP,2041,329
HLA-B*07:02,NAFAKVSIT,2042,2138
HLA-B*40:02,WMHRIKTTI,2043,518
HLA-B*18:01,SMSDPQHRE,2044,1308
HLA-B*18:01,DKATFHFHP,2045,762
HLA-B*27:05,MAAHQRMHL,2046,1361
HLA-B*27:05,GIEEDDVTF,2047,1491
HLA-B*18:01,LKDDFRPTY,2048,2582
HLA-B*58:01,DAWSILEIA,2049,857
HLA-A*02:01,GIRVLENFD,2050,678
HLA-B*39:01,IRTFCGLPD,2051,36
HLA-A*01:01,FTRFNGMAK,2052,1730
HLA-B*58:01,SMSDPQHRE,2053,1312
HLA-A*01:01,NPHCNWFSY,2054,1925
HLA-B*39:01,KSEFDRVMQ,2055,1947
HLA-A*01:01,RHWFSMDNM,2056,222
HLA-B*27:05,QCCDECFIF,2057,1166
HLA-A*26:01,LHDDGKQKR,2058,655
HLA-A*01:01,CCLMMTRRR,2059,469
HLA-B*15:01,NVTIFDSSM,2060,1729
HLA-B*07:02,CAQHYTIMH,2061,305
HLA-B*58:01,FWFLQPHSW,2062,2014
HLA-A*02:01,IGHPALYWC,2063,1549
HLA-A*02:01,QANNKSIDC,2064,1952
HLA-A*24:02,DRCPFMPCM,2065,732
HLA-A*01:01,ICARRQPWC,2066,1327
HLA-A*26:01,NPHCNWFSY,2067,1929
HLA-B*07:02,TDWDHSEQG,2068,1709
HLA-A*01:01,NEIDSSYWS,2069,261
HLA-B*08:01,PACTTEQCW,2070,254
HLA-A*26:01,YTCEDKKCE,2071,187
HLA-A*02:01,DDIEMMLHS,2072,1393
HLA-B*58:01,DQTPCSIHA,2073,1234
HLA-B*18:01,QKKCRHQIG,2074,2556
HLA-B*15:01,PGREMIDQT,2075,2483
HLA-B*40:02,NKVALWICH,2076,2364
HLA-B*08:01,GLKWMKMGL,2077,1099
HLA-A*24:02,NPHCNWFSY,2078,1928
HLA-A*01:01,EAECPPFFG,2079,1028
HLA-B*58:01,GIEEDDVTF,2080,1494
HLA-B*08:01,QCAFIVMWH,2081,1151
HLA-B*18:01,PGREMIDQT,2082,2478
HLA-B*07:02,WCRKNYLKK,2083,890
HLA-B*40:02,LHDDGKQKR,2084,661
HLA-A*02:01,RKAKMGLWS,2085,1042
HLA-B*40:02,CFHDCVCIW,2086,2494
HLA-A*03:01,QKKCRHQIG,2087,2551
HLA-B*58:01,QCAFIVMWH,2088,1156
HLA-A*02:01,NFGHCCFDE,2089,1822
HLA-A*02:01,IQMDKWANV,2090,2511
HLA-A*01:01,VSLKKCMIR,2091,690
HLA-A*26:01,WCRKNYLKK,2092,889
HLA-B*07:02,LDRVLDYLH,2093,71
HLA-A*01:01,TDWDHSEQG,2094,1704
HLA-B*40:02,EPVMTQHKF,2095,804
HLA-B*18:01,CVWWMIIWG,2096,1191
HLA-A*01:01,NSSSECISA,2097,274
HLA-B*40:02,SMECVPMAP,2098,947
HLA-B*07:02,PGREMIDQT,2099,2476
HLA-A*02:01,FTKNDSEYW,2100,1172
HLA-B*18:01,RGCFSQLAF,2101,1373
HLA-B*07:02,FTKNDSEYW,2102,1176
HLA-B*08:01,TCWCRDKLR,2103,826
HLA-B*18:01,YYPRDWTQF,2104,606
HLA-B*15:01,EVPISAINL,2105,2548
HLA-B*58:01,NFGHCCFDE,2106,1832
HLA-B*08:01,DDIEMMLHS,2107,1398
HLA-A*02:01,LHDDGKQKR,2108,652
HLA-B*39:01,GNAWQVFVV,2109,2233
HLA-B*58:01,ATLVIVQPF,2110,1780
HLA-A*01:01,DVPVVMVIQ,2111,1691
HLA-B*39:01,ACPDFGKQM,2112,2025
HLA-B*40:02,WCRKNYLKK,2113,895
HLA-B*40:02,NPHCNWFSY,2114,1935
HLA-A*02:01,MNMRQVMPW,2115,2199
HLA-B*27:05,PVHRYTQDV,2116,789
HLA-B*15:01,ACPDFGKQM,2117,2028
HLA-A*24:02,RGCFSQLAF,2118,1369
HLA-B*58:01,KGCNVRETL,2119,1910
HLA-A*26:01,EIVHCHLEG,2120,369
HLA-B*27:05,DDIEMMLHS,2121,1400
HLA-B*15:01,HECAQKHRH,2122,247
HLA-A*03:01,ACLQVCVAN,2123,1108
HLA-A*24:02,EMYMHETTA,2124,1876
HLA-A*02:01,QCAFIVMWH,2125,1146
HLA-B*08:01,NVTIFDSSM,2126,1723
HLA-B*39:01,SNADWNHPP,2127,2103
HLA-B*15:01,MVGTQLCML,2128,2327
HLA-A*03:01,RWNPEASNF,2129,1511
HLA-B*40:02,ICARRQPWC,2130,1337
HLA-B*07:02,AMAHYNEWL,2131,1384
HLA-B*18:01,CHACFGVDP,2132,125
HLA-B*39:01,WQRNRYLSS,2133,465
HLA-B*40:02,KCKIEYPDK,2134,2377
HLA-B*58:01,RFDVWMFCA,2135,181
HLA-B*18:01,PEGYNCAAY,2136,1503
HLA-B*07:02,EFDVLVGSS,2137,97
HLA-B*27:05,RGLHNALYW,2138,919
HLA-A*02:01,FDNDWCEIK,2139,1237
HLA-B*08:01,NSSSECISA,2140,280
HLA-B*58:01,SNADWNHPP,2141,2105
HLA-B*40:02,EAECPPFFG,2142,1038
HLA-B*08:01,CNWVAWHRK,2143,410
HLA-A*24:02,SMECVPMAP,2144,940
HLA-B*07:02,HLKTAEGIV,2145,84
HLA-B*39:01,YYPRDWTQF,2146,608
HLA-B*07:02,FHATHWWGF,2147,643
HLA-B*40:02,LLAGRMPVL,2148,934
HLA-B*40:02,KMPWVEACF,2149,1142
HLA-A*26:01,PEGYNCAAY,2150,1500
HLA-A*01:01,FDNDWCEIK,2151,1236
HLA-B*58:01,NEIDSSYWS,2152,272
HLA-A*03:01,SEIRLPRDW,2153,575
HLA-B*18:01,WMLDMYWCA,2154,619
HLA-B*27:05,QRKDGLVNL,2155,1595
HLA-B*27:05,IIWFLSALF,2156,2076
HLA-B*08:01,WNWLCQQKA,2157,2269
HLA-B*27:05,IQMDKWANV,2158,2518
HLA-A*24:02,LMEKNSGFH,2159,199
HLA-B*08:01,RNTCEQTME,2160,631
HLA-A*03:01,NPHCNWFSY,2161,1927
HLA-B*15:01,NPHCNWFSY,2162,1937
HLA-B*58:01,DTHSDIFHS,2163,870
HLA-B*08:01,PEGYNCAAY,2164,1502
HLA-B*27:05,FVGEWWAIH,2165,997
HLA-A*02:01,VRYSGGALF,2166,2290
HLA-B*27:05,NYVQMVTMV,2167,2336
HLA-A*01:01,GISVIAPAY,2168,40
HLA-A*03:01,KIYDDYWSK,2169,835
HLA-B*18:01,QKPRCVVCP,2170,333
HLA-B*15:01,SMSDPQHRE,2171,1313
HLA-A*01:01,SMECVPMAP,2172,937
HLA-A*01:01,HECAQKHRH,2173,235
HLA-A*03:01,SRYHAQDIF,2174,289
HLA-B*39:01,WMHRIKTTI,2175,517
HLA-B*18:01,DVPVVMVIQ,2176,1698
HLA-B*08:01,DAWSILEIA,2177,852
HLA-B*18:01,VAAWMKILF,2178,2153
HLA-B*15:01,YYPRDWTQF,2179,611
HLA-B*07:02,ICARRQPWC,2180,1332
HLA-B*27:05,KLYAYTTGE,2181,399
HLA-B*15:01,NLCKRGIPM,2182,1443
HLA-A*24:02,YMISKDNKT,2183,446
HLA-B*18:01,GIEEDDVTF,2184,1490
HLA-A*26:01,SGWWPGFHT,2185,57
HLA-A*02:01,TEENVCWDH,2186,951
HLA-B*40:02,TEENVCWDH,2187,960
HLA-B*39:01,FNECVQQQH,2188,1752
HLA-B*07:02,RTLDMRSSV,2189,1891
HLA-B*15:01,KEYHMDISG,2190,988
HLA-B*07:02,FVGEWWAIH,2191,994
HLA-B*39:01,GIEEDDVTF,2192,1492
HLA-B*58:01,QRKDGLVNL,2193,1598
HLA-B*07:02,CFHDCVCIW,2194,2489
HLA-B*07:02,IQWEGFIKH,2195,2164
HLA-B*08:01,ENFDCFRWW,2196,1528
HLA-A*26:01,EWMVFYIIK,2197,590
HLA-B*18:01,WHKTTNETY,2198,905
HLA-B*40:02,NYVQMVTMV,2199,2338
HLA-A*02:01,NEIDSSYWS,2200,262
HLA-B*15:01,QRKDGLVNL,2201,1599
HLA-B*18:01,QCAFIVMWH,2202,1152
HLA-A*26:01,NVTIFDSSM,2203,1721
HLA-B*40:02,RKIPANKFE,2204,570
HLA-B*18:01,FNECVQQQH,2205,1750
HLA-B*07:02,SEIRLPRDW,2206,578
HLA-B*58:01,REQQPQWHC,2207,12
HLA-A*24:02,VPVWESKYT,2208,17
HLA-B*39:01,ICARRQPWC,2209,1336
HLA-B*18:01,QANNKSIDC,2210,1958
HLA-A*03:01,AHIDSQNKW,2211,341
HLA-B*40:02,RHLEQRPGA,2212,1974
HLA-B*58:01,YLIWHSGCP,2213,2222
HLA-A*03:01,DKATFHFHP,2214,757
HLA-B*18:01,DTHSDIFHS,2215,866
HLA-B*18:01,FWFLQPHSW,2216,2010
HLA-A*26:01,KVDNVFEKS,2217,1669
HLA-B*07:02,FPCEGSWWH,2218,2346
HLA-B*39:01,CHACFGVDP,2219,127
HLA-B*07:02,RGLHNALYW,2220,916
HLA-B*15:01,QHVWDNITE,2221,1079
HLA-A*01:01,TVADNDRTL,2222,1847
HLA-B*58:01,PACTTEQCW,2223,259
HLA-B*15:01,MVVHFMPLY,2224,715
HLA-B*39:01,DKECWSCWH,2225,1570
HLA-B*08:01,PDHLLNFDS,2226,1320
HLA-A*02:01,KGCNVRETL,2227,1900
HLA-B*58:01,CAQHYTIMH,2228,311
HLA-B*40:02,PVHRYTQDV,2229,791
HLA-B*40:02,PACTTEQCW,2230,258
HLA-B*27:05,QLCIFNCVK,2231,1920
HLA-A*24:02,GQPGCMLKT,2232,966
HLA-B*07:02,NFVRQYQEW,2233,2593
HLA-A*26:01,MAAHQRMHL,2234,1357
HLA-B*07:02,NFGHCCFDE,2235,1826
HLA-B*07:02,ACLQVCVAN,2236,1111
HLA-B*40:02,QKPRCVVCP,2237,336
HLA-A*01:01,CFTQINHRH,2238,2276
HLA-B*58:01,YIGPSMFHM,2239,1767
HLA-A*26:01,DQTPCSIHA,2240,1227
HLA-A*26:01,YMISKDNKT,2241,447
HLA-B*39:01,FTKNDSEYW,2242,1180
HLA-A*24:02,VSLKKCMIR,2243,693
HLA-A*24:02,RHLEQRPGA,2244,1967
HLA-A*01:01,EFDVLVGSS,2245,92
HLA-B*39:01,RHWFSMDNM,2246,231
HLA-B*08:01,FHATHWWGF,2247,644
HLA-B*39:01,RRQFRRIHV,2248,2194
HLA-B*07:02,RGCFSQLAF,2249,1371
HLA-A*26:01,FMGISYDQA,2250,317
HLA-A*03:01,QHVWDNITE,2251,1069
HLA-B*39:01,EVPISAINL,2252,2545
HLA-B*58:01,QKKCRHQIG,2253,2560
HLA-A*01:01,DAWSILEIA,2254,846
HLA-B*18:01,PMPADPDNK,2255,1659
HLA-A*26:01,SEIRLPRDW,2256,577
HLA-B*40:02,FTKNDSEYW,2257,1181
HLA-A*03:01,TDHAQLYTS,2258,107
HLA-A*03:01,TAREDPCIP,2259,549
HLA-B*18:01,FHKRKGYKM,2260,528
HLA-A*01:01,IRTFCGLPD,2261,27
HLA-A*26:01,PVNEDWHNM,2262,1617
HLA-B*18:01,NSLDSATHH,2263,1984
HLA-B*39:01,CIICWSYWK,2264,543
HLA-B*40:02,MRISVQQPC,2265,1792
HLA-A*24:02,IMMQLTQDI,2266,1213
HLA-B*18:01,TVADNDRTL,2267,1854
HLA-B*18:01,NQVLVIDLY,2268,723
HLA-A*02:01,GQPGCMLKT,2269,964
HLA-B*07:02,FHKRKGYKM,2270,526
HLA-B*39:01,LDRVLDYLH,2271,75
HLA-B*27:05,YMISKDNKT,2272,451
HLA-A*01:01,AYVIRLFVH,2273,2380
HLA-B*39:01,FDNDWCEIK,2274,1245
HLA-B*58:01,CFHDCVCIW,2275,2495
HLA-A*03:01,LLAGRMPVL,2276,926
HLA-A*03:01,ENFDCFRWW,2277,1524
HLA-B*27:05,SRYHAQDIF,2278,295
HLA-B*27:05,PDHLLNFDS,2279,1322
HLA-A*01:01,GIRVLENFD,2280,677
HLA-A*03:01,NKVALWICH,2281,2356
HLA-B*07:02,FNALSVGRK,2282,2112
HLA-B*27:05,PGREMIDQT,2283,2479
HLA-B*58:01,TCLWSFQLR,2284,883
HLA-A*01:01,GYNVFPSNG,2285,1457
HLA-B*58:01,SGWWPGFHT,2286,64
HLA-A*02:01,RCDAKEPWN,2287,1341
HLA-A*03:01,GIEEDDVTF,2288,1485
HLA-A*02:01,TAANSKHCV,2289,1081
HLA-B*39:01,ASTELYYWH,2290,2532
HLA-A*03:01,CNWVAWHRK,2291,406
HLA-B*08:01,RGLHNALYW,2292,917
HLA-A*26:01,FHATHWWGF,2293,642
HLA-B*08:01,WCQYGAREK,2294,2425
HLA-B*08:01,FHKRKGYKM,2295,527
HLA-B*40:02,FMGISYDQA,2296,323
HLA-B*15:01,WMLDMYWCA,2297,624
HLA-B*58:01,KSEFDRVMQ,2298,1949
HLA-B*27:05,FTRFNGMAK,2299,1738
HLA-B*58:01,VPVWESKYT,2300,25
HLA-B*15:01,LMEKNSGFH,2301,208
HLA-B*18:01,MAAHQRMHL,2302,1360
HLA-A*26:01,LLAGRMPVL,2303,928
HLA-B*18:01,SDWSIALHS,2304,2309
HLA-A*24:02,YTCEDKKCE,2305,186
HLA-B*40:02,GIRVLENFD,2306,687
HLA-B*15:01,SRYHAQDIF,2307,299
HLA-A*03:01,WCQYGAREK,2308,2421
HLA-A*24:02,FWFLQPHSW,2309,2006
HLA-B*15:01,FHKRKGYKM,2310,533
HLA-B*58:01,YYPRDWTQF,2311,610
HLA-B*27:05,QANNKSIDC,2312,1959
HLA-A*26:01,DKATFHFHP,2313,759
HLA-B*39:01,TAANSKHCV,2314,1089
HLA-B*15:01,LLAGRMPVL,2315,936
HLA-A*24:02,NLCKRGIPM,2316,1434
HLA-A*26:01,EFDVLVGSS,2317,96
HLA-A*02:01,DRCPFMPCM,2318,730
HLA-B*40:02,EWMVFYIIK,2319,596
HLA-A*03:01,QLCIFNCVK,2320,1914
HLA-A*24:02,EAECPPFFG,2321,1031
HLA-B*15:01,GSKTSFIPT,2322,1417
HLA-B*27:05,EAECPPFFG,2323,1036
HLA-B*27:05,RNTCEQTME,2324,633
HLA-B*27:05,QCAFIVMWH,2325,1153
HLA-B*27:05,RWNPEASNF,2326,1517
HLA-B*39:01,NKVALWICH,2327,2363
HLA-A*01:01,SNADWNHPP,2328,2094
HLA-B*15:01,SVHDGHLMA,2329,2184
HLA-B*15:01,EAECPPFFG,2330,1040
HLA-B*58:01,QANNKSIDC,2331,1962
HLA-A*02:01,CLRVRKQMM,2332,1055
HLA-B*15:01,FLAHTPIGE,2333,676
HLA-A*01:01,VRYSGGALF,2334,2289
HLA-B*08:01,SRYHAQDIF,2335,293
HLA-A*03:01,VRYSGGALF,2336,2291
HLA-A*02:01,TAREDPCIP,2337,548
HLA-B*18:01,WHSNINNKV,2338,1126
HLA-A*01:01,GQPGCMLKT,2339,963
HLA-B*39:01,CLRVRKQMM,2340,1063
HLA-A*26:01,QKPRCVVCP,2341,330
HLA-A*03:01,RCDAKEPWN,2342,1342
HLA-B*58:01,FCTIERYKL,2343,441
HLA-A*01:01,RFDVWMFCA,2344,170
HLA-B*58:01,RTLDMRSSV,2345,1897
HLA-B*58:01,FIIGNDGFN,2346,2040
HLA-B*27:05,SFREDAKMQ,2347,2050
HLA-B*18:01,NAFAKVSIT,2348,2140
HLA-B*39:01,VNFCNLITW,2349,2129
HLA-B*58:01,IQMDKWANV,2350,2521
HLA-A*24:02,YDSFKEWRE,2351,160
HLA-B*15:01,MVNWSYTAP,2352,780
HLA-B*08:01,YLIWHSGCP,2353,2217
HLA-B*39:01,CCLMMTRRR,2354,478
HLA-B*40:02,SFREDAKMQ,2355,2052
HLA-B*27:05,LDRVLDYLH,2356,74
HLA-A*02:01,MVVHFMPLY,2357,0
HLA-B*08:01,DRCPFMPCM,2358,735
HLA-B*40:02,VPVWESKYT,2359,24
HLA-B*58:01,KAAPSVRSV,2360,1286
HLA-B*08:01,FNFQNMNLC,2361,137
HLA-B*58:01,EWMVFYIIK,2362,597
HLA-B*27:05,YIGPSMFHM,2363,1764
HLA-B*15:01,IGHPALYWC,2364,1560
HLA-B*39:01,TCLWSFQLR,2365,881
HLA-A*26:01,DTHSDIFHS,2366,863
HLA-A*02:01,SNADWNHPP,2367,2095
HLA-A*03:01,FMHLRYTFV,2368,1862
HLA-B*27:05,WYVGTWGHS,2369,2440
HLA-A*24:02,RCESEIYNH,2370,1291
HLA-A*02:01,FVGEWWAIH,2371,990
HLA-B*15:01,EFDVLVGSS,2372,104
HLA-B*27:05,PVNEDWHNM,2373,1621
HLA-A*02:01,MAAHQRMHL,2374,1354
HLA-B*07:02,LWAQVLMAQ,2375,1475
HLA-B*15:01,TEENVCWDH,2376,962
HLA-B*15:01,TVADNDRTL,2377,1859
HLA-A*24:02,PVNEDWHNM,2378,1616
HLA-B*08:01,LHDDGKQKR,2379,657
HLA-A*24:02,WCRKNYLKK,2380,888
HLA-B*18:01,GSKTSFIPT,2381,1412
HLA-B*27:05,RRQFRRIHV,2382,2193
HLA-B*39:01,ENFDCFRWW,2383,1531
HLA-B*40:02,DVPVVMVIQ,2384,1701
HLA-A*26:01,CAQHYTIMH,2385,304
HLA-B*40:02,RSTIILWFF,2386,1818
HLA-A*24:02,KMPWVEACF,2387,1135
HLA-A*03:01,KVDNVFEKS,2388,1667
HLA-B*15:01,GIRVLENFD,2389,689
HLA-B*08:01,CLRVRKQMM,2390,1060
HLA-B*08:01,KQASGTMYV,2391,1684
HLA-B*39:01,KVDNVFEKS,2392,1674
HLA-B*39:01,LMEKNSGFH,2393,205
HLA-B*18:01,CCLHLCGMY,2394,1022
HLA-B*15:01,RWNPEASNF,2395,1521
HLA-B*27:05,GSKTSFIPT,2396,1413
HLA-B*08:01,FLAHTPIGE,2397,670
HLA-B*58:01,NFVRQYQEW,2398,2599
HLA-A*01:01,NLCKRGIPM,2399,1431
HLA-B*27:05,FWFLQPHSW,2400,2011
HLA-B*27:05,DQTPCSIHA,2401,1231
HLA-A*24:02,CCLHLCGMY,2402,1018
HLA-A*02:01,NSLDSATHH,2403,1978
HLA-B*27:05,WCMVENPMN,2404,425
HLA-B*18:01,CRAWPPYSD,2405,2413
HLA-A*03:01,GSKTSFIPT,2406,1407
HLA-A*26:01,AGDPSSYVM,2407,148
HLA-B*18:01,NPHCNWFSY,2408,1932
HLA-A*03:01,MRISVQQPC,2409,1784
HLA-A*03:01,ITILSGTDL,2410,1199
HLA-B*15:01,WCQYGAREK,2411,2431
HLA-B*39:01,QCAFIVMWH,2412,1154
HLA-A*24:02,FNFQNMNLC,2413,134
HLA-A*02:01,IQWEGFIKH,2414,2160
HLA-B*08:01,PVHRYTQDV,2415,787
HLA-B*15:01,QPPYMEWFI,2416,1456
HLA-B*15:01,KGCNVRETL,2417,1911
HLA-B*39:01,PGREMIDQT,2418,2480
HLA-B*58:01,DKECWSCWH,2419,1572
HLA-A*24:02,SNADWNHPP,2420,2097
HLA-B*08:01,RCDAKEPWN,2421,1346
HLA-A*01:01,TAREDPCIP,2422,547
HLA-B*27:05,MADLCRHVD,2423,1998
HLA-B*27:05,HECAQKHRH,2424,243
HLA-B*08:01,LQRMHARYV,2425,2243
HLA-B*58:01,PVHRYTQDV,2426,792
HLA-A*01:01,FALHGDVGA,2427,1249
HLA-B*08:01,SMECVPMAP,2428,943
HLA-B*58:01,AMAHYNEWL,2429,1390
HLA-A*02:01,PACTTEQCW,2430,249
HLA-B*18:01,GEGFVPIKY,2431,1646
HLA-B*58:01,MRISVQQPC,2432,1793
HLA-B*07:02,KAAPSVRSV,2433,1280
HLA-B*18:01,DQACLWGTG,2434,502
HLA-A*24:02,HWPMHISAG,2435,1005
HLA-B*15:01,FWFLQPHSW,2436,2015
HLA-A*01:01,LQRMHARYV,2437,2237
HLA-A*24:02,TAANSKHCV,2438,1083
HLA-B*39:01,NPHCNWFSY,2439,1934
HLA-B*07:02,ENFDCFRWW,2440,1527
HLA-B*15:01,ACLQVCVAN,2441,1118
HLA-B*18:01,FDNDWCEIK,2442,1243
HLA-A*01:01,QANNKSIDC,2443,1951
HLA-A*24:02,GYNVFPSNG,2444,1460
HLA-A*03:01,TDWDHSEQG,2445,1706
HLA-A*24:02,PGREMIDQT,2446,2474
HLA-A*26:01,DITMVKQFC,2447,2085
HLA-B*40:02,AMAHYNEWL,2448,1389
HLA-B*27:05,RHLEQRPGA,2449,1972
HLA-B*15:01,WHSNINNKV,2450,1131
HLA-A*02:01,QKKCRHQIG,2451,2550
HLA-B*58:01,GISVIAPAY,2452,51
HLA-A*24:02,QRKDGLVNL,2453,1590
HLA-B*07:02,SMECVPMAP,2454,942
HLA-B*39:01,KYEVHSIDA,2455,1635
HLA-B*58:01,RHLEQRPGA,2456,1975
HLA-A*03:01,DQACLWGTG,2457,497
HLA-A*03:01,PDHLLNFDS,2458,1316
HLA-B*39:01,PEGYNCAAY,2459,1505
HLA-A*02:01,RFDVWMFCA,2460,171
HLA-B*08:01,GNAWQVFVV,2461,2230
HLA-B*07:02,WCMVENPMN,2462,422
HLA-B*39:01,HLKTAEGIV,2463,88
HLA-A*26:01,WQRNRYLSS,2464,460
HLA-A*01:01,ITILSGTDL,2465,1197
HLA-B*15:01,PMPADPDNK,2466,1664
HLA-A*01:01,SGWWPGFHT,2467,53
HLA-B*18:01,KEYHMDISG,2468,983
HLA-A*24:02,EFDVLVGSS,2469,95
HLA-B*15:01,IQWEGFIKH,2470,2171
HLA-A*26:01,WHIGWYRPP,2471,213
HLA-B*40:02,MREKSKMMY,2472,1610
HLA-B*08:01,TDWDHSEQG,2473,1710
HLA-B*58:01,DITMVKQFC,2474,2092
HLA-A*01:01,WHKTTNETY,2475,898
HLA-B*18:01,MRISVQQPC,2476,1789
HLA-B*15:01,EWMVFYIIK,2477,598
HLA-B*58:01,VRYSGGALF,2478,2300
HLA-B*08:01,GISVIAPAY,2479,46
HLA-B*07:02,QKPRCVVCP,2480,331
HLA-B*15:01,AMAHYNEWL,2481,1391
HLA-A*01:01,LHDDGKQKR,2482,651
HLA-A*03:01,PMPADPDNK,2483,1654
HLA-B*15:01,GLKWMKMGL,2484,0
HLA-B*40:02,CLRVRKQMM,2485,1064
HLA-A*03:01,PGREMIDQT,2486,2473
HLA-A*02:01,RHWFSMDNM,2487,223
HLA-A*02:01,YPQFCDNRP,2488,743
HLA-B*18:01,RTLDMRSSV,2489,1893
HLA-A*24:02,PGVGDKKSI,2490,2253
HLA-B*07:02,SQWMPHHWN,2491,1839
HLA-B*18:01,AGDPSSYVM,2492,151
HLA-B*08:01,REQQPQWHC,2493,7
HLA-B*08:01,HECAQKHRH,2494,241
HLA-B*58:01,PMPADPDNK,2495,1663
HLA-B*40:02,MVNWSYTAP,2496,778
HLA-A*02:01,DITMVKQFC,2497,2082
HLA-A*24:02,MADLCRHVD,2498,1993
HLA-B*07:02,MVGTQLCML,2499,2320
HLA-B*27:05,AMAHYNEWL,2500,1387
HLA-B*27:05,QKPRCVVCP,2501,334
HLA-B*08:01,RKIPANKFE,2502,566
HLA-A*01:01,YTCEDKKCE,2503,183
HLA-A*02:01,YMISKDNKT,2504,444
HLA-B*40:02,QHVWDNITE,2505,1077
HLA-B*39:01,WCMVENPMN,2506,426
HLA-B*18:01,TAANSKHCV,2507,1087
HLA-B*18:01,KMPWVEACF,2508,1139
HLA-A*24:02,AYVIRLFVH,2509,2383
HLA-B*27:05,RTLDMRSSV,2510,1894
HLA-B*39:01,QRKDGLVNL,2511,1596
HLA-B*39:01,DAWSILEIA,2512,855
HLA-A*02:01,SDWSIALHS,2513,2303
HLA-B*07:02,SVHDGHLMA,2514,2177
HLA-A*26:01,ACPDFGKQM,2515,2020
HLA-B*08:01,KSEFDRVMQ,2516,1944
HLA-A*24:02,WCMVENPMN,2517,420
HLA-B*07:02,GNAWQVFVV,2518,2229
HLA-B*58:01,FMGISYDQA,2519,324
HLA-B*58:01,KLYAYTTGE,2520,402
HLA-B*08:01,TAIGGNPLC,2521,1268
HLA-B*15:01,HWPMHISAG,2522,1014
HLA-B*27:05,FMHLRYTFV,2523,1868
HLA-A*24:02,AMAHYNEWL,2524,1382
HLA-B*18:01,RCDAKEPWN,2525,1347
HLA-B*07:02,RKAKMGLWS,2526,1046
HLA-A*03:01,GEGFVPIKY,2527,1641
HLA-B*15:01,SQWMPHHWN,2528,1846
HLA-B*58:01,QHVWDNITE,2529,1078
HLA-A*02:01,REQQPQWHC,2530,2
HLA-A*01:01,CCLHLCGMY,2531,1015
HLA-B*18:01,STRQDFPVN,2532,1425
HLA-A*03:01,KDKYRWMQP,2533,2564
HLA-A*01:01,QRKDGLVNL,2534,1587
HLA-B*18:01,KCKIEYPDK,2535,2374
HLA-B*08:01,PMPADPDNK,2536,1658
HLA-A*02:01,WYVGTWGHS,2537,2433
HLA-B*18:01,FPCEGSWWH,2538,2348
HLA-B*39:01,QHVWDNITE,2539,1076
HLA-B*58:01,KQASGTMYV,2540,1689
HLA-B*27:05,GIRVLENFD,2541,685
HLA-B*27:05,MFEQPPTGW,2542,2505
HLA-A*26:01,KSEFDRVMQ,2543,1942
HLA-B*58:01,MVVHFMPLY,2544,714
HLA-B*39:01,AHIDSQNKW,2545,348
HLA-B*07:02,FTRFNGMAK,2546,1735
HLA-B*39:01,IEHEEMSIP,2547,491
HLA-B*58:01,FDNDWCEIK,2548,1247
HLA-B*08:01,YPQFCDNRP,2549,748
HLA-B*39:01,FWFLQPHSW,2550,2012
HLA-B*39:01,QANNKSIDC,2551,1960
HLA-B*18:01,RNTCEQTME,2552,632
HLA-A*26:01,LDRVLDYLH,2553,70
HLA-B*27:05,LQRMHARYV,2554,2245
HLA-A*26:01,FNALSVGRK,2555,2111
HLA-A*02:01,RNTCEQTME,2556,626
HLA-B*18:01,KQASGTMYV,2557,1685
HLA-B*27:05,NEIDSSYWS,2558,269
HLA-B*27:05,NVTIFDSSM,2559,1725
HLA-B*40:02,QCAFIVMWH,2560,1155
HLA-B*18:01,IMMQLTQDI,2561,1217
HLA-B*40:02,PWVLFPFCA,2562,388
HLA-B*07:02,FIIGNDGFN,2563,2034
HLA-B*39:01,LWAQVLMAQ,2564,1479
HLA-B*39:01,FCTIERYKL,2565,439
HLA-B*58:01,MNMRQVMPW,2566,2209
HLA-B*58:01,DKATFHFHP,2567,766
HLA-B*27:05,FHKRKGYKM,2568,529
HLA-B*07:02,EWMVFYIIK,2569,591
HLA-B*15:01,ASTELYYWH,2570,2535
HLA-B*08:01,DITMVKQFC,2571,2087
HLA-B*18:01,CFTQINHRH,2572,2283
HLA-A*01:01,RKIPANKFE,2573,560
HLA-A*24:02,SQWMPHHWN,2574,1837
HLA-A*02:01,KLYAYTTGE,2575,392
HLA-B*27:05,ASTELYYWH,2576,2531
HLA-A*24:02,IQMDKWANV,2577,2513
HLA-B*39:01,TDHAQLYTS,2578,114
HLA-A*26:01,PYYLHAQAT,2579,2449
HLA-B*08:01,ATLVIVQPF,2580,1775
HLA-B*27:05,KQASGTMYV,2581,1686
HLA-B*18:01,QCCDECFIF,2582,1165
HLA-B*39:01,MVVHFMPLY,2583,712
HLA-B*07:02,RWNPEASNF,2584,1514
HLA-B*40:02,GISVIAPAY,2585,50
HLA-B*39:01,WMLDMYWCA,2586,621
HLA-B*08:01,QLCIFNCVK,2587,1918
HLA-A*01:01,PGREMIDQT,2588,2471
HLA-B*15:01,FCTIERYKL,2589,442
HLA-B*07:02,WCQYGAREK,2590,2424
HLA-B*07:02,DKECWSCWH,2591,1566
HLA-B*40:02,DQTPCSIHA,2592,1233
HLA-B*15:01,SGWWPGFHT,2593,65
HLA-A*02:01,CNWVAWHRK,2594,405
HLA-B*40:02,WCMVENPMN,2595,427
HLA-A*24:02,PYYLHAQAT,2596,2448
HLA-A*01:01,FLAHTPIGE,2597,664
HLA-B*18:01,KDKYRWMQP,2598,2569
HLA-B*58:01,RKIPANKFE,2599,571
HLA-B*58:01,STRQDFPVN,2600,1429
