haplotype,sequence,EpitopePrediction,mhcnuggetsr
HLA-A*01:01,AGDPSSYVM,28,1
HLA-A*01:01,LHDDGKQKR,72,2
HLA-A*01:01,RNTCEQTME,181,3
HLA-A*01:01,SGWWPGFHT,172,4
HLA-A*01:01,NEIDSSYWS,161,5
HLA-A*01:01,SFREDAKMQ,195,6
HLA-A*01:01,GQPGCMLKT,170,7
HLA-A*01:01,EFDVLVGSS,65,8
HLA-A*01:01,CCLMMTRRR,159,9
HLA-A*01:01,IIWFLSALF,32,10
HLA-A*01:01,WMHRIKTTI,35,11
HLA-A*01:01,KGCNVRETL,83,12
HLA-A*01:01,SDWSIALHS,140,13
HLA-A*01:01,WCRKNYLKK,92,14
HLA-A*01:01,WNWLCQQKA,112,15
HLA-A*01:01,PACTTEQCW,54,16
HLA-A*01:01,LWAQVLMAQ,90,17
HLA-A*01:01,QHVWDNITE,187,18
HLA-A*01:01,WYVGTWGHS,148,19
HLA-A*01:01,RKAKMGLWS,177,20
HLA-A*01:01,PYYLHAQAT,141,21
HLA-A*01:01,QLCIFNCVK,57,22
HLA-A*01:01,YMISKDNKT,50,23
HLA-A*01:01,MVGTQLCML,17,24
HLA-A*01:01,HECAQKHRH,164,25
HLA-A*01:01,PGVGDKKSI,183,26
HLA-A*01:01,FKLLPIPKK,198,27
HLA-A*01:01,NFGHCCFDE,138,28
HLA-A*01:01,CNWVAWHRK,136,29
HLA-A*01:01,VPVWESKYT,186,30
HLA-A*01:01,VRYSGGALF,67,31
HLA-A*01:01,DQTPCSIHA,133,32
HLA-A*01:01,QPPYMEWFI,119,33
HLA-A*01:01,RKIPANKFE,199,34
HLA-A*01:01,FNALSVGRK,108,35
HLA-A*01:01,CFTQINHRH,64,36
HLA-A*01:01,TDHAQLYTS,154,37
HLA-A*01:01,YDSFKEWRE,105,38
HLA-A*01:01,CNMFKPGQH,157,39
HLA-A*01:01,AHIDSQNKW,123,40
HLA-A*01:01,DQACLWGTG,130,41
HLA-A*01:01,TAANSKHCV,48,42
HLA-A*01:01,GLKWMKMGL,150,43
HLA-A*01:01,DVPVVMVIQ,163,44
HLA-A*01:01,DDIEMMLHS,125,45
HLA-A*01:01,YYPRDWTQF,84,46
HLA-A*01:01,PGREMIDQT,174,47
HLA-A*01:01,PDHLLNFDS,127,48
HLA-A*01:01,CIICWSYWK,42,49
HLA-A*01:01,GSKTSFIPT,75,50
HLA-A*01:01,KCKIEYPDK,196,51
HLA-A*01:01,PMPADPDNK,149,52
HLA-A*01:01,KQASGTMYV,34,53
HLA-A*01:01,HDYQEHCSV,104,54
HLA-A*01:01,GYNVFPSNG,168,55
HLA-A*01:01,QRKDGLVNL,173,56
HLA-A*01:01,NYVQMVTMV,80,57
HLA-A*01:01,DKECWSCWH,147,58
HLA-A*01:01,CRAWPPYSD,180,59
HLA-A*01:01,NKVALWICH,175,60
HLA-A*01:01,YTCEDKKCE,73,61
HLA-A*01:01,MRISVQQPC,102,62
HLA-A*01:01,EMYMHETTA,88,63
HLA-A*01:01,CVWWMIIWG,94,64
HLA-A*01:01,LQRMHARYV,70,65
HLA-A*01:01,FCTIERYKL,77,66
HLA-A*01:01,WCQYGAREK,142,67
HLA-A*01:01,WHSNINNKV,31,68
HLA-A*01:01,VNFCNLITW,137,69
HLA-A*01:01,CFHDCVCIW,47,70
HLA-A*01:01,WCMVENPMN,117,71
HLA-A*01:01,FHATHWWGF,22,72
HLA-A*01:01,ENFDCFRWW,182,73
HLA-A*01:01,NAFAKVSIT,99,74
HLA-A*01:01,VAAWMKILF,18,75
HLA-A*01:01,MVVHFMPLY,1,76
HLA-A*01:01,QKKCRHQIG,194,77
HLA-A*01:01,NQVLVIDLY,6,78
HLA-A*01:01,CAQHYTIMH,27,79
HLA-A*01:01,VSLKKCMIR,60,80
HLA-A*01:01,YPQFCDNRP,151,81
HLA-A*01:01,SMECVPMAP,62,82
HLA-A*01:01,FNECVQQQH,79,83
HLA-A*01:01,QANNKSIDC,71,84
HLA-A*01:01,RHWFSMDNM,158,85
HLA-A*01:01,HWPMHISAG,122,86
HLA-A*01:01,IRTFCGLPD,165,87
HLA-A*01:01,EVPISAINL,114,88
HLA-A*01:01,FHKRKGYKM,139,89
HLA-A*01:01,WQRNRYLSS,118,90
HLA-A*01:01,SRYHAQDIF,135,91
HLA-A*01:01,GEGFVPIKY,36,92
HLA-A*01:01,IMMQLTQDI,43,93
HLA-A*01:01,RGLHNALYW,93,94
HLA-A*01:01,REQQPQWHC,185,95
HLA-A*01:01,TCWCRDKLR,178,96
HLA-A*01:01,QKPRCVVCP,200,97
HLA-A*01:01,SEIRLPRDW,184,98
HLA-A*01:01,LLAGRMPVL,58,99
HLA-A*01:01,TCLWSFQLR,145,100
HLA-A*01:01,QDCKPQIKM,134,101
HLA-A*01:01,EWMVFYIIK,109,102
HLA-A*01:01,NSSSECISA,9,103
HLA-A*01:01,MFEQPPTGW,55,104
HLA-A*01:01,NVTIFDSSM,40,105
HLA-A*01:01,DRCPFMPCM,146,106
HLA-A*01:01,KYEVHSIDA,87,107
HLA-A*01:01,MCDFYGHQM,5,108
HLA-A*01:01,AYVIRLFVH,166,109
HLA-A*01:01,TAIGGNPLC,85,110
HLA-A*01:01,ICARRQPWC,160,111
HLA-A*01:01,LDRVLDYLH,89,112
HLA-A*01:01,FDNDWCEIK,61,113
HLA-A*01:01,KLYAYTTGE,129,114
HLA-A*01:01,FPCEGSWWH,113,115
HLA-A*01:01,RHLEQRPGA,191,116
HLA-A*01:01,MAAHQRMHL,21,117
HLA-A*01:01,PWVLFPFCA,86,118
HLA-A*01:01,KEYHMDISG,190,119
HLA-A*01:01,MNMRQVMPW,115,120
HLA-A*01:01,ACLQVCVAN,176,121
HLA-A*01:01,ACPDFGKQM,155,122
HLA-A*01:01,MYFHQFCYP,143,123
HLA-A*01:01,EpitopePredictionVMTQHKF,97,124
HLA-A*01:01,IQWEGFIKH,152,125
HLA-A*01:01,RRQFRRIHV,128,126
HLA-A*01:01,EIVHCHLEG,101,127
HLA-A*01:01,CLRVRKQMM,82,128
HLA-A*01:01,FWFLQPHSW,78,129
HLA-A*01:01,SVHDGHLMA,20,130
HLA-A*01:01,PVHRYTQDV,30,131
HLA-A*01:01,TEENVCWDH,131,132
HLA-A*01:01,DITMVKQFC,76,133
HLA-A*01:01,NSLDSATHH,45,134
HLA-A*01:01,NFVRQYQEW,107,135
HLA-A*01:01,ITILSGTDL,12,136
HLA-A*01:01,FNFQNMNLC,95,137
HLA-A*01:01,NPHCNWFSY,8,138
HLA-A*01:01,FTKNDSEYW,15,139
HLA-A*01:01,RGCFSQLAF,24,140
HLA-A*01:01,SQWMPHHWN,156,141
HLA-A*01:01,IQMDKWANV,110,142
HLA-A*01:01,GIEEDDVTF,38,143
HLA-A*01:01,HLKTAEGIV,120,144
HLA-A*01:01,TDWDHSEQG,162,145
HLA-A*01:01,SMSDPQHRE,100,146
HLA-A*01:01,QCCDECFIF,49,147
HLA-A*01:01,RWNPEASNF,121,148
HLA-A*01:01,STRQDFPVN,96,149
HLA-A*01:01,TVADNDRTL,63,150
HLA-A*01:01,CCLHLCGMY,14,151
HLA-A*01:01,WMLDMYWCA,41,152
HLA-A*01:01,IGHPALYWC,144,153
HLA-A*01:01,GISVIAPAY,10,154
HLA-A*01:01,RFDVWMFCA,11,155
HLA-A*01:01,DKATFHFHP,179,156
HLA-A*01:01,WHKTTNETY,13,157
HLA-A*01:01,CHACFGVDP,153,158
HLA-A*01:01,PEGYNCAAY,46,159
HLA-A*01:01,DCAAPIHNP,193,160
HLA-A*01:01,SNADWNHPP,169,161
HLA-A*01:01,KMPWVEACF,111,162
HLA-A*01:01,RTLDMRSSV,26,163
HLA-A*01:01,MREKSKMMY,3,164
HLA-A*01:01,NLCKRGIPM,68,165
HLA-A*01:01,QCAFIVMWH,91,166
HLA-A*01:01,KIYDDYWSK,124,167
HLA-A*01:01,DAWSILEIA,66,168
HLA-A*01:01,RCESEIYNH,126,169
HLA-A*01:01,PVNEDWHNM,56,170
HLA-A*01:01,LKDDFRPTY,2,171
HLA-A*01:01,FMGISYDQA,53,172
HLA-A*01:01,AMAHYNEWL,37,173
HLA-A*01:01,LMEKNSGFH,33,174
HLA-A*01:01,GNAWQVFVV,116,175
HLA-A*01:01,HCPMGEEpitopePredictionP,189,176
HLA-A*01:01,FTRFNGMAK,7,177
HLA-A*01:01,DTHSDIFHS,44,178
HLA-A*01:01,RCDAKEpitopePredictionWN,106,179
HLA-A*01:01,YIGPSMFHM,29,180
HLA-A*01:01,KAAPSVRSV,103,181
HLA-A*01:01,FALHGDVGA,69,182
HLA-A*01:01,TAREDPCIP,171,183
HLA-A*01:01,KDKYRWMQP,197,184
HLA-A*01:01,MVNWSYTAP,98,185
HLA-A*01:01,RSTIILWFF,4,186
HLA-A*01:01,YLIWHSGCP,132,187
HLA-A*01:01,IEHEEMSIP,192,188
HLA-A*01:01,FVGEWWAIH,51,189
HLA-A*01:01,ATLVIVQPF,23,190
HLA-A*01:01,MADLCRHVD,16,191
HLA-A*01:01,FIIGNDGFN,81,192
HLA-A*01:01,FMHLRYTFV,19,193
HLA-A*01:01,GIRVLENFD,167,194
HLA-A*01:01,KSEFDRVMQ,52,195
HLA-A*01:01,EAECPPFFG,59,196
HLA-A*01:01,WHIGWYRPP,188,197
HLA-A*01:01,ASTELYYWH,39,198
HLA-A*01:01,FLAHTPIGE,74,199
HLA-A*01:01,KVDNVFEKS,25,200
HLA-A*02:01,LLAGRMPVL,6,1
HLA-A*02:01,IQMDKWANV,5,2
HLA-A*02:01,KQASGTMYV,3,3
HLA-A*02:01,AMAHYNEWL,4,4
HLA-A*02:01,KAAPSVRSV,18,5
HLA-A*02:01,FLAHTPIGE,21,6
HLA-A*02:01,TVADNDRTL,31,7
HLA-A*02:01,YIGPSMFHM,8,8
HLA-A*02:01,WMHRIKTTI,16,9
HLA-A*02:01,FMHLRYTFV,2,10
HLA-A*02:01,RTLDMRSSV,13,11
HLA-A*02:01,GNAWQVFVV,26,12
HLA-A*02:01,GLKWMKMGL,24,13
HLA-A*02:01,WMLDMYWCA,1,14
HLA-A*02:01,RRQFRRIHV,99,15
HLA-A*02:01,FALHGDVGA,15,16
HLA-A*02:01,TAANSKHCV,34,17
HLA-A*02:01,FDNDWCEIK,81,18
HLA-A*02:01,TCLWSFQLR,129,19
HLA-A*02:01,WHSNINNKV,61,20
HLA-A*02:01,FTRFNGMAK,110,21
HLA-A*02:01,FMGISYDQA,9,22
HLA-A*02:01,CCLMMTRRR,163,23
HLA-A*02:01,WCRKNYLKK,192,24
HLA-A*02:01,FNALSVGRK,148,25
HLA-A*02:01,HDYQEHCSV,51,26
HLA-A*02:01,SVHDGHLMA,30,27
HLA-A*02:01,CRAWPPYSD,160,28
HLA-A*02:01,QKKCRHQIG,200,29
HLA-A*02:01,YTCEDKKCE,123,30
HLA-A*02:01,TDWDHSEQG,108,31
HLA-A*02:01,WCMVENPMN,106,32
HLA-A*02:01,NYVQMVTMV,39,33
HLA-A*02:01,WCQYGAREK,178,34
HLA-A*02:01,LHDDGKQKR,188,35
HLA-A*02:01,MADLCRHVD,105,36
HLA-A*02:01,PVHRYTQDV,50,37
HLA-A*02:01,KYEVHSIDA,95,38
HLA-A*02:01,DRCPFMPCM,139,39
HLA-A*02:01,TCWCRDKLR,162,40
HLA-A*02:01,DAWSILEIA,40,41
HLA-A*02:01,ACLQVCVAN,113,42
HLA-A*02:01,IRTFCGLPD,173,43
HLA-A*02:01,MFEQPPTGW,153,44
HLA-A*02:01,KSEFDRVMQ,179,45
HLA-A*02:01,KCKIEYPDK,195,46
HLA-A*02:01,RHLEQRPGA,70,47
HLA-A*02:01,VSLKKCMIR,111,48
HLA-A*02:01,GYNVFPSNG,155,49
HLA-A*02:01,CNWVAWHRK,146,50
HLA-A*02:01,NFVRQYQEW,166,51
HLA-A*02:01,STRQDFPVN,124,52
HLA-A*02:01,DQTPCSIHA,43,53
HLA-A*02:01,DQACLWGTG,122,54
HLA-A*02:01,RCDAKEpitopePredictionWN,138,55
HLA-A*02:01,AHIDSQNKW,156,56
HLA-A*02:01,FCTIERYKL,57,57
HLA-A*02:01,IEHEEMSIP,165,58
HLA-A*02:01,QLCIFNCVK,68,59
HLA-A*02:01,SEIRLPRDW,182,60
HLA-A*02:01,RFDVWMFCA,10,61
HLA-A*02:01,PACTTEQCW,190,62
HLA-A*02:01,LQRMHARYV,28,63
HLA-A*02:01,SNADWNHPP,85,64
HLA-A*02:01,NSSSECISA,56,65
HLA-A*02:01,EFDVLVGSS,159,66
HLA-A*02:01,EIVHCHLEG,103,67
HLA-A*02:01,EMYMHETTA,27,68
HLA-A*02:01,WNWLCQQKA,65,69
HLA-A*02:01,WYVGTWGHS,145,70
HLA-A*02:01,FNECVQQQH,180,71
HLA-A*02:01,KDKYRWMQP,186,72
HLA-A*02:01,KLYAYTTGE,12,73
HLA-A*02:01,CIICWSYWK,22,74
HLA-A*02:01,YPQFCDNRP,142,75
HLA-A*02:01,DCAAPIHNP,183,76
HLA-A*02:01,FWFLQPHSW,47,77
HLA-A*02:01,EpitopePredictionVMTQHKF,193,78
HLA-A*02:01,CNMFKPGQH,185,79
HLA-A*02:01,FHATHWWGF,49,80
HLA-A*02:01,HWPMHISAG,118,81
HLA-A*02:01,LWAQVLMAQ,75,82
HLA-A*02:01,PGVGDKKSI,168,83
HLA-A*02:01,MNMRQVMPW,80,84
HLA-A*02:01,DDIEMMLHS,133,85
HLA-A*02:01,MAAHQRMHL,36,86
HLA-A*02:01,RKAKMGLWS,134,87
HLA-A*02:01,SFREDAKMQ,187,88
HLA-A*02:01,FHKRKGYKM,128,89
HLA-A*02:01,SDWSIALHS,87,90
HLA-A*02:01,EWMVFYIIK,120,91
HLA-A*02:01,MYFHQFCYP,66,92
HLA-A*02:01,ICARRQPWC,112,93
HLA-A*02:01,YYPRDWTQF,92,94
HLA-A*02:01,ACPDFGKQM,116,95
HLA-A*02:01,RCESEIYNH,169,96
HLA-A*02:01,QDCKPQIKM,150,97
HLA-A*02:01,PWVLFPFCA,48,98
HLA-A*02:01,PMPADPDNK,102,99
HLA-A*02:01,FTKNDSEYW,79,100
HLA-A*02:01,QPPYMEWFI,58,101
HLA-A*02:01,PVNEDWHNM,55,102
HLA-A*02:01,FPCEGSWWH,73,103
HLA-A*02:01,WHKTTNETY,196,104
HLA-A*02:01,HCPMGEEpitopePredictionP,184,105
HLA-A*02:01,YLIWHSGCP,20,106
HLA-A*02:01,DVPVVMVIQ,149,107
HLA-A*02:01,TAREDPCIP,140,108
HLA-A*02:01,DKATFHFHP,172,109
HLA-A*02:01,KEYHMDISG,115,110
HLA-A*02:01,RNTCEQTME,191,111
HLA-A*02:01,WQRNRYLSS,91,112
HLA-A*02:01,KGCNVRETL,83,113
HLA-A*02:01,CHACFGVDP,174,114
HLA-A*02:01,YDSFKEWRE,119,115
HLA-A*02:01,MCDFYGHQM,53,116
HLA-A*02:01,WHIGWYRPP,127,117
HLA-A*02:01,HECAQKHRH,198,118
HLA-A*02:01,QRKDGLVNL,109,119
HLA-A*02:01,CFHDCVCIW,88,120
HLA-A*02:01,RGCFSQLAF,130,121
HLA-A*02:01,SRYHAQDIF,167,122
HLA-A*02:01,PEGYNCAAY,197,123
HLA-A*02:01,CLRVRKQMM,84,124
HLA-A*02:01,LKDDFRPTY,126,125
HLA-A*02:01,ENFDCFRWW,147,126
HLA-A*02:01,QANNKSIDC,132,127
HLA-A*02:01,PDHLLNFDS,181,128
HLA-A*02:01,TDHAQLYTS,107,129
HLA-A*02:01,AYVIRLFVH,125,130
HLA-A*02:01,NFGHCCFDE,135,131
HLA-A*02:01,QKPRCVVCP,164,132
HLA-A*02:01,NKVALWICH,170,133
HLA-A*02:01,IMMQLTQDI,7,134
HLA-A*02:01,ITILSGTDL,44,135
HLA-A*02:01,EVPISAINL,74,136
HLA-A*02:01,RHWFSMDNM,86,137
HLA-A*02:01,LDRVLDYLH,175,138
HLA-A*02:01,EAECPPFFG,151,139
HLA-A*02:01,REQQPQWHC,144,140
HLA-A*02:01,QHVWDNITE,176,141
HLA-A*02:01,CVWWMIIWG,23,142
HLA-A*02:01,RWNPEASNF,121,143
HLA-A*02:01,PYYLHAQAT,154,144
HLA-A*02:01,DTHSDIFHS,90,145
HLA-A*02:01,NVTIFDSSM,67,146
HLA-A*02:01,PGREMIDQT,161,147
HLA-A*02:01,CAQHYTIMH,101,148
HLA-A*02:01,CFTQINHRH,157,149
HLA-A*02:01,NEIDSSYWS,82,150
HLA-A*02:01,TEENVCWDH,189,151
HLA-A*02:01,NPHCNWFSY,152,152
HLA-A*02:01,VNFCNLITW,93,153
HLA-A*02:01,YMISKDNKT,11,154
HLA-A*02:01,VRYSGGALF,137,155
HLA-A*02:01,AGDPSSYVM,59,156
HLA-A*02:01,DKECWSCWH,194,157
HLA-A*02:01,GQPGCMLKT,33,158
HLA-A*02:01,MRISVQQPC,114,159
HLA-A*02:01,ASTELYYWH,94,160
HLA-A*02:01,FKLLPIPKK,104,161
HLA-A*02:01,GIEEDDVTF,72,162
HLA-A*02:01,GEGFVPIKY,171,163
HLA-A*02:01,MVGTQLCML,14,164
HLA-A*02:01,NSLDSATHH,141,165
HLA-A*02:01,SGWWPGFHT,60,166
HLA-A*02:01,QCCDECFIF,100,167
HLA-A*02:01,FNFQNMNLC,77,168
HLA-A*02:01,SMECVPMAP,42,169
HLA-A*02:01,RKIPANKFE,177,170
HLA-A*02:01,MVNWSYTAP,69,171
HLA-A*02:01,VAAWMKILF,71,172
HLA-A*02:01,NAFAKVSIT,62,173
HLA-A*02:01,SQWMPHHWN,64,174
HLA-A*02:01,MREKSKMMY,199,175
HLA-A*02:01,CCLHLCGMY,158,176
HLA-A*02:01,QCAFIVMWH,136,177
HLA-A*02:01,GSKTSFIPT,96,178
HLA-A*02:01,IGHPALYWC,78,179
HLA-A*02:01,GIRVLENFD,131,180
HLA-A*02:01,VPVWESKYT,117,181
HLA-A*02:01,NQVLVIDLY,89,182
HLA-A*02:01,KMPWVEACF,25,183
HLA-A*02:01,RGLHNALYW,98,184
HLA-A*02:01,TAIGGNPLC,63,185
HLA-A*02:01,ATLVIVQPF,45,186
HLA-A*02:01,RSTIILWFF,46,187
HLA-A*02:01,IIWFLSALF,19,188
HLA-A*02:01,NLCKRGIPM,29,189
HLA-A*02:01,IQWEGFIKH,38,190
HLA-A*02:01,LMEKNSGFH,97,191
HLA-A*02:01,HLKTAEGIV,32,192
HLA-A*02:01,DITMVKQFC,143,193
HLA-A*02:01,MVVHFMPLY,37,194
HLA-A*02:01,KVDNVFEKS,52,195
HLA-A*02:01,SMSDPQHRE,54,196
HLA-A*02:01,FIIGNDGFN,41,197
HLA-A*02:01,FVGEWWAIH,35,198
HLA-A*02:01,GISVIAPAY,76,199
HLA-A*02:01,KIYDDYWSK,17,200
HLA-A*03:01,KIYDDYWSK,1,1
HLA-A*03:01,IQWEGFIKH,15,2
HLA-A*03:01,KLYAYTTGE,6,3
HLA-A*03:01,GISVIAPAY,7,4
HLA-A*03:01,ATLVIVQPF,53,5
HLA-A*03:01,RTLDMRSSV,28,6
HLA-A*03:01,GLKWMKMGL,30,7
HLA-A*03:01,MVVHFMPLY,4,8
HLA-A*03:01,ITILSGTDL,75,9
HLA-A*03:01,EVPISAINL,111,10
HLA-A*03:01,AMAHYNEWL,41,11
HLA-A*03:01,KQASGTMYV,11,12
HLA-A*03:01,QRKDGLVNL,181,13
HLA-A*03:01,MAAHQRMHL,29,14
HLA-A*03:01,MADLCRHVD,133,15
HLA-A*03:01,KAAPSVRSV,48,16
HLA-A*03:01,KYEVHSIDA,102,17
HLA-A*03:01,FCTIERYKL,183,18
HLA-A*03:01,FNFQNMNLC,112,19
HLA-A*03:01,REQQPQWHC,119,20
HLA-A*03:01,RRQFRRIHV,124,21
HLA-A*03:01,GNAWQVFVV,120,22
HLA-A*03:01,FTRFNGMAK,2,23
HLA-A*03:01,IIWFLSALF,9,24
HLA-A*03:01,GQPGCMLKT,123,25
HLA-A*03:01,TEENVCWDH,117,26
HLA-A*03:01,ICARRQPWC,79,27
HLA-A*03:01,YMISKDNKT,115,28
HLA-A*03:01,DRCPFMPCM,198,29
HLA-A*03:01,IQMDKWANV,59,30
HLA-A*03:01,PVNEDWHNM,125,31
HLA-A*03:01,CIICWSYWK,3,32
HLA-A*03:01,RGCFSQLAF,40,33
HLA-A*03:01,EWMVFYIIK,14,34
HLA-A*03:01,PVHRYTQDV,108,35
HLA-A*03:01,AYVIRLFVH,57,36
HLA-A*03:01,MVGTQLCML,51,37
HLA-A*03:01,KGCNVRETL,118,38
HLA-A*03:01,PGREMIDQT,195,39
HLA-A*03:01,DVPVVMVIQ,169,40
HLA-A*03:01,PACTTEQCW,178,41
HLA-A*03:01,VNFCNLITW,78,42
HLA-A*03:01,WCQYGAREK,71,43
HLA-A*03:01,TVADNDRTL,105,44
HLA-A*03:01,KCKIEYPDK,24,45
HLA-A*03:01,TAANSKHCV,88,46
HLA-A*03:01,WHSNINNKV,175,47
HLA-A*03:01,RCESEIYNH,77,48
HLA-A*03:01,DKECWSCWH,189,49
HLA-A*03:01,QANNKSIDC,90,50
HLA-A*03:01,FPCEGSWWH,96,51
HLA-A*03:01,CNWVAWHRK,17,52
HLA-A*03:01,WCRKNYLKK,13,53
HLA-A*03:01,LDRVLDYLH,89,54
HLA-A*03:01,WNWLCQQKA,165,55
HLA-A*03:01,EIVHCHLEG,101,56
HLA-A*03:01,LWAQVLMAQ,113,57
HLA-A*03:01,FMHLRYTFV,18,58
HLA-A*03:01,FNECVQQQH,128,59
HLA-A*03:01,RHWFSMDNM,106,60
HLA-A*03:01,MCDFYGHQM,139,61
HLA-A*03:01,GYNVFPSNG,94,62
HLA-A*03:01,KEYHMDISG,46,63
HLA-A*03:01,PDHLLNFDS,194,64
HLA-A*03:01,PMPADPDNK,19,65
HLA-A*03:01,VPVWESKYT,164,66
HLA-A*03:01,NAFAKVSIT,80,67
HLA-A*03:01,RSTIILWFF,44,68
HLA-A*03:01,SEIRLPRDW,143,69
HLA-A*03:01,ACPDFGKQM,182,70
HLA-A*03:01,DDIEMMLHS,190,71
HLA-A*03:01,CCLMMTRRR,65,72
HLA-A*03:01,TDHAQLYTS,146,73
HLA-A*03:01,RKAKMGLWS,121,74
HLA-A*03:01,KDKYRWMQP,76,75
HLA-A*03:01,DQACLWGTG,154,76
HLA-A*03:01,TDWDHSEQG,153,77
HLA-A*03:01,YDSFKEWRE,184,78
HLA-A*03:01,IGHPALYWC,98,79
HLA-A*03:01,IMMQLTQDI,27,80
HLA-A*03:01,YIGPSMFHM,60,81
HLA-A*03:01,HDYQEHCSV,95,82
HLA-A*03:01,ENFDCFRWW,148,83
HLA-A*03:01,CRAWPPYSD,167,84
HLA-A*03:01,NYVQMVTMV,155,85
HLA-A*03:01,CVWWMIIWG,23,86
HLA-A*03:01,ACLQVCVAN,142,87
HLA-A*03:01,DCAAPIHNP,160,88
HLA-A*03:01,WMLDMYWCA,84,89
HLA-A*03:01,QCAFIVMWH,25,90
HLA-A*03:01,NFGHCCFDE,179,91
HLA-A*03:01,RFDVWMFCA,83,92
HLA-A*03:01,DITMVKQFC,114,93
HLA-A*03:01,AGDPSSYVM,126,94
HLA-A*03:01,QDCKPQIKM,122,95
HLA-A*03:01,DQTPCSIHA,140,96
HLA-A*03:01,WYVGTWGHS,177,97
HLA-A*03:01,CHACFGVDP,161,98
HLA-A*03:01,NSLDSATHH,50,99
HLA-A*03:01,QHVWDNITE,193,100
HLA-A*03:01,RKIPANKFE,176,101
HLA-A*03:01,GSKTSFIPT,74,102
HLA-A*03:01,FNALSVGRK,12,103
HLA-A*03:01,RCDAKEpitopePredictionWN,151,104
HLA-A*03:01,PYYLHAQAT,136,105
HLA-A*03:01,SFREDAKMQ,173,106
HLA-A*03:01,CFTQINHRH,82,107
HLA-A*03:01,NKVALWICH,149,108
HLA-A*03:01,CLRVRKQMM,37,109
HLA-A*03:01,SDWSIALHS,110,110
HLA-A*03:01,VAAWMKILF,39,111
HLA-A*03:01,IEHEEMSIP,137,112
HLA-A*03:01,RNTCEQTME,158,113
HLA-A*03:01,SGWWPGFHT,109,114
HLA-A*03:01,WCMVENPMN,180,115
HLA-A*03:01,YPQFCDNRP,196,116
HLA-A*03:01,MREKSKMMY,58,117
HLA-A*03:01,HWPMHISAG,127,118
HLA-A*03:01,PWVLFPFCA,174,119
HLA-A*03:01,CFHDCVCIW,129,120
HLA-A*03:01,MRISVQQPC,152,121
HLA-A*03:01,HECAQKHRH,55,122
HLA-A*03:01,CNMFKPGQH,54,123
HLA-A*03:01,FVGEWWAIH,32,124
HLA-A*03:01,MNMRQVMPW,61,125
HLA-A*03:01,DKATFHFHP,192,126
HLA-A*03:01,TCWCRDKLR,66,127
HLA-A*03:01,IRTFCGLPD,157,128
HLA-A*03:01,SQWMPHHWN,93,129
HLA-A*03:01,QKKCRHQIG,191,130
HLA-A*03:01,FWFLQPHSW,92,131
HLA-A*03:01,HCPMGEEpitopePredictionP,199,132
HLA-A*03:01,LQRMHARYV,63,133
HLA-A*03:01,NEIDSSYWS,159,134
HLA-A*03:01,EFDVLVGSS,185,135
HLA-A*03:01,MYFHQFCYP,34,136
HLA-A*03:01,DAWSILEIA,172,137
HLA-A*03:01,FHKRKGYKM,166,138
HLA-A*03:01,MVNWSYTAP,21,139
HLA-A*03:01,LMEKNSGFH,10,140
HLA-A*03:01,CAQHYTIMH,31,141
HLA-A*03:01,MFEQPPTGW,99,142
HLA-A*03:01,FKLLPIPKK,33,143
HLA-A*03:01,NQVLVIDLY,67,144
HLA-A*03:01,YTCEDKKCE,170,145
HLA-A*03:01,NSSSECISA,107,146
HLA-A*03:01,EAECPPFFG,141,147
HLA-A*03:01,NFVRQYQEW,168,148
HLA-A*03:01,RWNPEASNF,69,149
HLA-A*03:01,FALHGDVGA,134,150
HLA-A*03:01,NVTIFDSSM,138,151
HLA-A*03:01,WHIGWYRPP,188,152
HLA-A*03:01,DTHSDIFHS,132,153
HLA-A*03:01,SNADWNHPP,162,154
HLA-A*03:01,VRYSGGALF,72,155
HLA-A*03:01,QLCIFNCVK,5,156
HLA-A*03:01,FMGISYDQA,91,157
HLA-A*03:01,WQRNRYLSS,85,158
HLA-A*03:01,KSEFDRVMQ,104,159
HLA-A*03:01,PGVGDKKSI,200,160
HLA-A*03:01,AHIDSQNKW,145,161
HLA-A*03:01,FDNDWCEIK,52,162
HLA-A*03:01,QPPYMEWFI,186,163
HLA-A*03:01,WMHRIKTTI,62,164
HLA-A*03:01,SMSDPQHRE,64,165
HLA-A*03:01,TCLWSFQLR,22,166
HLA-A*03:01,QKPRCVVCP,197,167
HLA-A*03:01,FIIGNDGFN,103,168
HLA-A*03:01,FHATHWWGF,135,169
HLA-A*03:01,ASTELYYWH,35,170
HLA-A*03:01,YYPRDWTQF,163,171
HLA-A*03:01,EpitopePredictionVMTQHKF,187,172
HLA-A*03:01,EMYMHETTA,38,173
HLA-A*03:01,GIEEDDVTF,150,174
HLA-A*03:01,TAIGGNPLC,97,175
HLA-A*03:01,SMECVPMAP,45,176
HLA-A*03:01,LKDDFRPTY,130,177
HLA-A*03:01,SRYHAQDIF,144,178
HLA-A*03:01,RGLHNALYW,26,179
HLA-A*03:01,CCLHLCGMY,43,180
HLA-A*03:01,HLKTAEGIV,68,181
HLA-A*03:01,PEGYNCAAY,100,182
HLA-A*03:01,KVDNVFEKS,73,183
HLA-A*03:01,WHKTTNETY,156,184
HLA-A*03:01,TAREDPCIP,147,185
HLA-A*03:01,FTKNDSEYW,87,186
HLA-A*03:01,GEGFVPIKY,20,187
HLA-A*03:01,LHDDGKQKR,116,188
HLA-A*03:01,NPHCNWFSY,70,189
HLA-A*03:01,STRQDFPVN,86,190
HLA-A*03:01,VSLKKCMIR,8,191
HLA-A*03:01,RHLEQRPGA,131,192
HLA-A*03:01,QCCDECFIF,171,193
HLA-A*03:01,KMPWVEACF,42,194
HLA-A*03:01,NLCKRGIPM,49,195
HLA-A*03:01,LLAGRMPVL,16,196
HLA-A*03:01,GIRVLENFD,81,197
HLA-A*03:01,YLIWHSGCP,56,198
HLA-A*03:01,SVHDGHLMA,36,199
HLA-A*03:01,FLAHTPIGE,47,200
HLA-A*24:02,YYPRDWTQF,1,1
HLA-A*24:02,RWNPEASNF,4,2
HLA-A*24:02,FWFLQPHSW,6,3
HLA-A*24:02,NFVRQYQEW,10,4
HLA-A*24:02,MFEQPPTGW,25,5
HLA-A*24:02,VRYSGGALF,19,6
HLA-A*24:02,FHATHWWGF,2,7
HLA-A*24:02,IIWFLSALF,9,8
HLA-A*24:02,VAAWMKILF,16,9
HLA-A*24:02,KMPWVEACF,7,10
HLA-A*24:02,EpitopePredictionVMTQHKF,44,11
HLA-A*24:02,RSTIILWFF,3,12
HLA-A*24:02,SRYHAQDIF,39,13
HLA-A*24:02,NYVQMVTMV,14,14
HLA-A*24:02,FMHLRYTFV,42,15
HLA-A*24:02,AHIDSQNKW,40,16
HLA-A*24:02,QCCDECFIF,22,17
HLA-A*24:02,AMAHYNEWL,34,18
HLA-A*24:02,GIEEDDVTF,54,19
HLA-A*24:02,AYVIRLFVH,8,20
HLA-A*24:02,RGCFSQLAF,31,21
HLA-A*24:02,QPPYMEWFI,20,22
HLA-A*24:02,ATLVIVQPF,11,23
HLA-A*24:02,KQASGTMYV,46,24
HLA-A*24:02,YMISKDNKT,102,25
HLA-A*24:02,WMHRIKTTI,18,26
HLA-A*24:02,RGLHNALYW,21,27
HLA-A*24:02,PYYLHAQAT,36,28
HLA-A*24:02,EVPISAINL,88,29
HLA-A*24:02,HWPMHISAG,32,30
HLA-A*24:02,IQWEGFIKH,64,31
HLA-A*24:02,YIGPSMFHM,28,32
HLA-A*24:02,LLAGRMPVL,37,33
HLA-A*24:02,SGWWPGFHT,131,34
HLA-A*24:02,GEGFVPIKY,143,35
HLA-A*24:02,GNAWQVFVV,48,36
HLA-A*24:02,VNFCNLITW,38,37
HLA-A*24:02,LWAQVLMAQ,26,38
HLA-A*24:02,MAAHQRMHL,62,39
HLA-A*24:02,EWMVFYIIK,24,40
HLA-A*24:02,MVVHFMPLY,56,41
HLA-A*24:02,MNMRQVMPW,23,42
HLA-A*24:02,FTKNDSEYW,59,43
HLA-A*24:02,TAREDPCIP,175,44
HLA-A*24:02,LMEKNSGFH,101,45
HLA-A*24:02,WHKTTNETY,72,46
HLA-A*24:02,FIIGNDGFN,178,47
HLA-A*24:02,TVADNDRTL,85,48
HLA-A*24:02,SEIRLPRDW,47,49
HLA-A*24:02,NAFAKVSIT,193,50
HLA-A*24:02,FCTIERYKL,79,51
HLA-A*24:02,GLKWMKMGL,125,52
HLA-A*24:02,VPVWESKYT,198,53
HLA-A*24:02,SMECVPMAP,100,54
HLA-A*24:02,IQMDKWANV,35,55
HLA-A*24:02,ASTELYYWH,86,56
HLA-A*24:02,CFHDCVCIW,12,57
HLA-A*24:02,SMSDPQHRE,145,58
HLA-A*24:02,GIRVLENFD,164,59
HLA-A*24:02,NQVLVIDLY,87,60
HLA-A*24:02,CHACFGVDP,95,61
HLA-A*24:02,ENFDCFRWW,55,62
HLA-A*24:02,QCAFIVMWH,92,63
HLA-A*24:02,FVGEWWAIH,81,64
HLA-A*24:02,ITILSGTDL,50,65
HLA-A*24:02,KGCNVRETL,58,66
HLA-A*24:02,GSKTSFIPT,181,67
HLA-A*24:02,IMMQLTQDI,5,68
HLA-A*24:02,QRKDGLVNL,116,69
HLA-A*24:02,SQWMPHHWN,121,70
HLA-A*24:02,CNMFKPGQH,128,71
HLA-A*24:02,EAECPPFFG,107,72
HLA-A*24:02,KDKYRWMQP,84,73
HLA-A*24:02,PACTTEQCW,89,74
HLA-A*24:02,DVPVVMVIQ,76,75
HLA-A*24:02,IEHEEMSIP,157,76
HLA-A*24:02,KYEVHSIDA,30,77
HLA-A*24:02,DKATFHFHP,66,78
HLA-A*24:02,RKIPANKFE,158,79
HLA-A*24:02,RRQFRRIHV,90,80
HLA-A*24:02,PVHRYTQDV,123,81
HLA-A*24:02,PGREMIDQT,200,82
HLA-A*24:02,YLIWHSGCP,75,83
HLA-A*24:02,LKDDFRPTY,137,84
HLA-A*24:02,WHSNINNKV,70,85
HLA-A*24:02,CCLHLCGMY,112,86
HLA-A*24:02,LDRVLDYLH,141,87
HLA-A*24:02,FNECVQQQH,183,88
HLA-A*24:02,MREKSKMMY,151,89
HLA-A*24:02,CAQHYTIMH,142,90
HLA-A*24:02,KAAPSVRSV,82,91
HLA-A*24:02,DCAAPIHNP,132,92
HLA-A*24:02,RHLEQRPGA,105,93
HLA-A*24:02,KLYAYTTGE,146,94
HLA-A*24:02,YDSFKEWRE,108,95
HLA-A*24:02,TCLWSFQLR,65,96
HLA-A*24:02,NPHCNWFSY,98,97
HLA-A*24:02,GISVIAPAY,159,98
HLA-A*24:02,FLAHTPIGE,133,99
HLA-A*24:02,HLKTAEGIV,165,100
HLA-A*24:02,MVGTQLCML,60,101
HLA-A*24:02,LQRMHARYV,134,102
HLA-A*24:02,PEGYNCAAY,180,103
HLA-A*24:02,NSLDSATHH,190,104
HLA-A*24:02,RCESEIYNH,109,105
HLA-A*24:02,STRQDFPVN,161,106
HLA-A*24:02,PGVGDKKSI,118,107
HLA-A*24:02,RCDAKEpitopePredictionWN,171,108
HLA-A*24:02,MVNWSYTAP,155,109
HLA-A*24:02,GQPGCMLKT,103,110
HLA-A*24:02,DAWSILEIA,138,111
HLA-A*24:02,YPQFCDNRP,162,112
HLA-A*24:02,CVWWMIIWG,163,113
HLA-A*24:02,DTHSDIFHS,144,114
HLA-A*24:02,CFTQINHRH,52,115
HLA-A*24:02,RKAKMGLWS,93,116
HLA-A*24:02,IRTFCGLPD,57,117
HLA-A*24:02,QKPRCVVCP,96,118
HLA-A*24:02,QHVWDNITE,166,119
HLA-A*24:02,RHWFSMDNM,51,120
HLA-A*24:02,DKECWSCWH,191,121
HLA-A*24:02,WCMVENPMN,120,122
HLA-A*24:02,LHDDGKQKR,184,123
HLA-A*24:02,FALHGDVGA,189,124
HLA-A*24:02,HCPMGEEpitopePredictionP,153,125
HLA-A*24:02,FMGISYDQA,74,126
HLA-A*24:02,EMYMHETTA,99,127
HLA-A*24:02,RTLDMRSSV,71,128
HLA-A*24:02,SDWSIALHS,160,129
HLA-A*24:02,NEIDSSYWS,173,130
HLA-A*24:02,WHIGWYRPP,53,131
HLA-A*24:02,FPCEGSWWH,148,132
HLA-A*24:02,FHKRKGYKM,43,133
HLA-A*24:02,HECAQKHRH,197,134
HLA-A*24:02,PDHLLNFDS,182,135
HLA-A*24:02,EFDVLVGSS,117,136
HLA-A*24:02,SNADWNHPP,114,137
HLA-A*24:02,NVTIFDSSM,152,138
HLA-A*24:02,TEENVCWDH,136,139
HLA-A*24:02,ACLQVCVAN,150,140
HLA-A*24:02,CLRVRKQMM,80,141
HLA-A*24:02,CCLMMTRRR,172,142
HLA-A*24:02,DQTPCSIHA,154,143
HLA-A*24:02,MCDFYGHQM,67,144
HLA-A*24:02,CRAWPPYSD,49,145
HLA-A*24:02,AGDPSSYVM,68,146
HLA-A*24:02,MADLCRHVD,119,147
HLA-A*24:02,SVHDGHLMA,139,148
HLA-A*24:02,WNWLCQQKA,149,149
HLA-A*24:02,DITMVKQFC,126,150
HLA-A*24:02,NKVALWICH,179,151
HLA-A*24:02,DDIEMMLHS,168,152
HLA-A*24:02,TDHAQLYTS,135,153
HLA-A*24:02,KEYHMDISG,185,154
HLA-A*24:02,ACPDFGKQM,73,155
HLA-A*24:02,PMPADPDNK,130,156
HLA-A*24:02,VSLKKCMIR,104,157
HLA-A*24:02,HDYQEHCSV,140,158
HLA-A*24:02,NSSSECISA,192,159
HLA-A*24:02,RNTCEQTME,187,160
HLA-A*24:02,YTCEDKKCE,199,161
HLA-A*24:02,KSEFDRVMQ,156,162
HLA-A*24:02,PWVLFPFCA,13,163
HLA-A*24:02,IGHPALYWC,61,164
HLA-A*24:02,TDWDHSEQG,169,165
HLA-A*24:02,TCWCRDKLR,186,166
HLA-A*24:02,GYNVFPSNG,33,167
HLA-A*24:02,NFGHCCFDE,41,168
HLA-A*24:02,KIYDDYWSK,63,169
HLA-A*24:02,TAANSKHCV,115,170
HLA-A*24:02,FNFQNMNLC,113,171
HLA-A*24:02,WQRNRYLSS,94,172
HLA-A*24:02,MRISVQQPC,77,173
HLA-A*24:02,QKKCRHQIG,176,174
HLA-A*24:02,FKLLPIPKK,177,175
HLA-A*24:02,TAIGGNPLC,91,176
HLA-A*24:02,WMLDMYWCA,29,177
HLA-A*24:02,REQQPQWHC,69,178
HLA-A*24:02,DQACLWGTG,83,179
HLA-A*24:02,DRCPFMPCM,97,180
HLA-A*24:02,QDCKPQIKM,167,181
HLA-A*24:02,KVDNVFEKS,122,182
HLA-A*24:02,CNWVAWHRK,147,183
HLA-A*24:02,CIICWSYWK,78,184
HLA-A*24:02,FNALSVGRK,170,185
HLA-A*24:02,PVNEDWHNM,110,186
HLA-A*24:02,RFDVWMFCA,17,187
HLA-A*24:02,QLCIFNCVK,188,188
HLA-A*24:02,NLCKRGIPM,106,189
HLA-A*24:02,KCKIEYPDK,129,190
HLA-A*24:02,FDNDWCEIK,174,191
HLA-A*24:02,EIVHCHLEG,124,192
HLA-A*24:02,FTRFNGMAK,194,193
HLA-A*24:02,ICARRQPWC,45,194
HLA-A*24:02,WCRKNYLKK,111,195
HLA-A*24:02,WCQYGAREK,196,196
HLA-A*24:02,QANNKSIDC,195,197
HLA-A*24:02,SFREDAKMQ,127,198
HLA-A*24:02,MYFHQFCYP,15,199
HLA-A*24:02,WYVGTWGHS,27,200
HLA-A*26:01,FMHLRYTFV,28,1
HLA-A*26:01,WMLDMYWCA,97,2
HLA-A*26:01,YIGPSMFHM,11,3
HLA-A*26:01,IIWFLSALF,8,4
HLA-A*26:01,KQASGTMYV,107,5
HLA-A*26:01,AMAHYNEWL,87,6
HLA-A*26:01,KVDNVFEKS,146,7
HLA-A*26:01,MVVHFMPLY,1,8
HLA-A*26:01,IQMDKWANV,55,9
HLA-A*26:01,IMMQLTQDI,104,10
HLA-A*26:01,NLCKRGIPM,15,11
HLA-A*26:01,FVGEWWAIH,13,12
HLA-A*26:01,FLAHTPIGE,56,13
HLA-A*26:01,GLKWMKMGL,79,14
HLA-A*26:01,NVTIFDSSM,2,15
HLA-A*26:01,QCCDECFIF,93,16
HLA-A*26:01,NQVLVIDLY,4,17
HLA-A*26:01,MYFHQFCYP,115,18
HLA-A*26:01,KMPWVEACF,98,19
HLA-A*26:01,GNAWQVFVV,108,20
HLA-A*26:01,WMHRIKTTI,47,21
HLA-A*26:01,RSTIILWFF,24,22
HLA-A*26:01,LLAGRMPVL,20,23
HLA-A*26:01,MVGTQLCML,33,24
HLA-A*26:01,DTHSDIFHS,21,25
HLA-A*26:01,CVWWMIIWG,44,26
HLA-A*26:01,NYVQMVTMV,50,27
HLA-A*26:01,LMEKNSGFH,61,28
HLA-A*26:01,FMGISYDQA,147,29
HLA-A*26:01,KLYAYTTGE,102,30
HLA-A*26:01,QLCIFNCVK,136,31
HLA-A*26:01,ATLVIVQPF,7,32
HLA-A*26:01,RTLDMRSSV,29,33
HLA-A*26:01,GIEEDDVTF,48,34
HLA-A*26:01,IQWEGFIKH,101,35
HLA-A*26:01,SVHDGHLMA,30,36
HLA-A*26:01,DITMVKQFC,22,37
HLA-A*26:01,CLRVRKQMM,41,38
HLA-A*26:01,RFDVWMFCA,176,39
HLA-A*26:01,VAAWMKILF,36,40
HLA-A*26:01,YLIWHSGCP,45,41
HLA-A*26:01,CCLMMTRRR,172,42
HLA-A*26:01,AYVIRLFVH,77,43
HLA-A*26:01,MCDFYGHQM,126,44
HLA-A*26:01,PWVLFPFCA,187,45
HLA-A*26:01,ITILSGTDL,31,46
HLA-A*26:01,GISVIAPAY,10,47
HLA-A*26:01,RGCFSQLAF,112,48
HLA-A*26:01,VSLKKCMIR,163,49
HLA-A*26:01,IGHPALYWC,164,50
HLA-A*26:01,EFDVLVGSS,68,51
HLA-A*26:01,NEIDSSYWS,103,52
HLA-A*26:01,QCAFIVMWH,119,53
HLA-A*26:01,FNFQNMNLC,38,54
HLA-A*26:01,FCTIERYKL,138,55
HLA-A*26:01,FIIGNDGFN,3,56
HLA-A*26:01,NAFAKVSIT,58,57
HLA-A*26:01,DAWSILEIA,57,58
HLA-A*26:01,TVADNDRTL,9,59
HLA-A*26:01,SQWMPHHWN,155,60
HLA-A*26:01,RKAKMGLWS,174,61
HLA-A*26:01,HLKTAEGIV,39,62
HLA-A*26:01,MVNWSYTAP,46,63
HLA-A*26:01,YTCEDKKCE,62,64
HLA-A*26:01,CAQHYTIMH,69,65
HLA-A*26:01,EMYMHETTA,59,66
HLA-A*26:01,KAAPSVRSV,91,67
HLA-A*26:01,TCLWSFQLR,143,68
HLA-A*26:01,SGWWPGFHT,193,69
HLA-A*26:01,PDHLLNFDS,196,70
HLA-A*26:01,CIICWSYWK,43,71
HLA-A*26:01,VNFCNLITW,105,72
HLA-A*26:01,GIRVLENFD,110,73
HLA-A*26:01,ENFDCFRWW,23,74
HLA-A*26:01,YDSFKEWRE,156,75
HLA-A*26:01,QHVWDNITE,165,76
HLA-A*26:01,EWMVFYIIK,64,77
HLA-A*26:01,KIYDDYWSK,120,78
HLA-A*26:01,SMECVPMAP,159,79
HLA-A*26:01,YYPRDWTQF,40,80
HLA-A*26:01,MREKSKMMY,80,81
HLA-A*26:01,MAAHQRMHL,65,82
HLA-A*26:01,YMISKDNKT,67,83
HLA-A*26:01,LDRVLDYLH,151,84
HLA-A*26:01,CCLHLCGMY,60,85
HLA-A*26:01,EIVHCHLEG,17,86
HLA-A*26:01,TCWCRDKLR,154,87
HLA-A*26:01,FALHGDVGA,100,88
HLA-A*26:01,NKVALWICH,96,89
HLA-A*26:01,CFTQINHRH,81,90
HLA-A*26:01,CFHDCVCIW,34,91
HLA-A*26:01,FHKRKGYKM,94,92
HLA-A*26:01,ASTELYYWH,90,93
HLA-A*26:01,NPHCNWFSY,16,94
HLA-A*26:01,FHATHWWGF,19,95
HLA-A*26:01,QPPYMEWFI,99,96
HLA-A*26:01,NSLDSATHH,76,97
HLA-A*26:01,LWAQVLMAQ,83,98
HLA-A*26:01,SDWSIALHS,173,99
HLA-A*26:01,HDYQEHCSV,111,100
HLA-A*26:01,EVPISAINL,5,101
HLA-A*26:01,LHDDGKQKR,192,102
HLA-A*26:01,DDIEMMLHS,35,103
HLA-A*26:01,AGDPSSYVM,150,104
HLA-A*26:01,ACPDFGKQM,72,105
HLA-A*26:01,YPQFCDNRP,161,106
HLA-A*26:01,QDCKPQIKM,88,107
HLA-A*26:01,FPCEGSWWH,85,108
HLA-A*26:01,DKATFHFHP,149,109
HLA-A*26:01,KDKYRWMQP,199,110
HLA-A*26:01,LKDDFRPTY,92,111
HLA-A*26:01,PVHRYTQDV,52,112
HLA-A*26:01,ACLQVCVAN,166,113
HLA-A*26:01,WCMVENPMN,139,114
HLA-A*26:01,FWFLQPHSW,124,115
HLA-A*26:01,WQRNRYLSS,70,116
HLA-A*26:01,TDHAQLYTS,144,117
HLA-A*26:01,GSKTSFIPT,113,118
HLA-A*26:01,KYEVHSIDA,198,119
HLA-A*26:01,SMSDPQHRE,118,120
HLA-A*26:01,TAIGGNPLC,27,121
HLA-A*26:01,DVPVVMVIQ,12,122
HLA-A*26:01,EpitopePredictionVMTQHKF,14,123
HLA-A*26:01,VRYSGGALF,82,124
HLA-A*26:01,FTKNDSEYW,6,125
HLA-A*26:01,IEHEEMSIP,127,126
HLA-A*26:01,KGCNVRETL,191,127
HLA-A*26:01,CHACFGVDP,185,128
HLA-A*26:01,NSSSECISA,129,129
HLA-A*26:01,MNMRQVMPW,54,130
HLA-A*26:01,DQACLWGTG,32,131
HLA-A*26:01,RGLHNALYW,158,132
HLA-A*26:01,DKECWSCWH,86,133
HLA-A*26:01,HECAQKHRH,125,134
HLA-A*26:01,MRISVQQPC,78,135
HLA-A*26:01,KSEFDRVMQ,195,136
HLA-A*26:01,GEGFVPIKY,133,137
HLA-A*26:01,ICARRQPWC,175,138
HLA-A*26:01,LQRMHARYV,84,139
HLA-A*26:01,EAECPPFFG,89,140
HLA-A*26:01,KEYHMDISG,182,141
HLA-A*26:01,FDNDWCEIK,142,142
HLA-A*26:01,TAANSKHCV,75,143
HLA-A*26:01,DQTPCSIHA,66,144
HLA-A*26:01,FTRFNGMAK,25,145
HLA-A*26:01,PEGYNCAAY,63,146
HLA-A*26:01,WYVGTWGHS,51,147
HLA-A*26:01,MADLCRHVD,171,148
HLA-A*26:01,FKLLPIPKK,162,149
HLA-A*26:01,RRQFRRIHV,184,150
HLA-A*26:01,WNWLCQQKA,153,151
HLA-A*26:01,RNTCEQTME,168,152
HLA-A*26:01,DCAAPIHNP,122,153
HLA-A*26:01,NFGHCCFDE,190,154
HLA-A*26:01,NFVRQYQEW,53,155
HLA-A*26:01,QANNKSIDC,137,156
HLA-A*26:01,STRQDFPVN,26,157
HLA-A*26:01,WHKTTNETY,49,158
HLA-A*26:01,CNMFKPGQH,131,159
HLA-A*26:01,SNADWNHPP,106,160
HLA-A*26:01,RCDAKEpitopePredictionWN,197,161
HLA-A*26:01,SFREDAKMQ,130,162
HLA-A*26:01,QKKCRHQIG,170,163
HLA-A*26:01,PYYLHAQAT,152,164
HLA-A*26:01,GQPGCMLKT,116,165
HLA-A*26:01,PVNEDWHNM,18,166
HLA-A*26:01,SRYHAQDIF,109,167
HLA-A*26:01,WHIGWYRPP,71,168
HLA-A*26:01,MFEQPPTGW,128,169
HLA-A*26:01,TEENVCWDH,167,170
HLA-A*26:01,WHSNINNKV,123,171
HLA-A*26:01,QKPRCVVCP,194,172
HLA-A*26:01,FNECVQQQH,121,173
HLA-A*26:01,PGVGDKKSI,135,174
HLA-A*26:01,VPVWESKYT,134,175
HLA-A*26:01,RWNPEASNF,95,176
HLA-A*26:01,RCESEIYNH,183,177
HLA-A*26:01,RHWFSMDNM,114,178
HLA-A*26:01,IRTFCGLPD,169,179
HLA-A*26:01,QRKDGLVNL,117,180
HLA-A*26:01,FNALSVGRK,73,181
HLA-A*26:01,REQQPQWHC,188,182
HLA-A*26:01,HCPMGEEpitopePredictionP,178,183
HLA-A*26:01,AHIDSQNKW,74,184
HLA-A*26:01,HWPMHISAG,42,185
HLA-A*26:01,DRCPFMPCM,37,186
HLA-A*26:01,RKIPANKFE,141,187
HLA-A*26:01,TAREDPCIP,157,188
HLA-A*26:01,TDWDHSEQG,132,189
HLA-A*26:01,CNWVAWHRK,160,190
HLA-A*26:01,KCKIEYPDK,200,191
HLA-A*26:01,WCRKNYLKK,145,192
HLA-A*26:01,WCQYGAREK,179,193
HLA-A*26:01,SEIRLPRDW,148,194
HLA-A*26:01,CRAWPPYSD,186,195
HLA-A*26:01,RHLEQRPGA,181,196
HLA-A*26:01,GYNVFPSNG,177,197
HLA-A*26:01,PMPADPDNK,189,198
HLA-A*26:01,PACTTEQCW,140,199
HLA-A*26:01,PGREMIDQT,180,200
HLA-B*07:02,RTLDMRSSV,2,1
HLA-B*07:02,MAAHQRMHL,1,2
HLA-B*07:02,KAAPSVRSV,3,3
HLA-B*07:02,LLAGRMPVL,4,4
HLA-B*07:02,VAAWMKILF,13,5
HLA-B*07:02,TVADNDRTL,5,6
HLA-B*07:02,MVGTQLCML,17,7
HLA-B*07:02,CLRVRKQMM,7,8
HLA-B*07:02,NLCKRGIPM,8,9
HLA-B*07:02,RGCFSQLAF,16,10
HLA-B*07:02,ACPDFGKQM,49,11
HLA-B*07:02,EpitopePredictionVMTQHKF,9,12
HLA-B*07:02,IIWFLSALF,37,13
HLA-B*07:02,PVHRYTQDV,35,14
HLA-B*07:02,TAANSKHCV,21,15
HLA-B*07:02,MNMRQVMPW,31,16
HLA-B*07:02,KGCNVRETL,26,17
HLA-B*07:02,GLKWMKMGL,40,18
HLA-B*07:02,VPVWESKYT,23,19
HLA-B*07:02,LQRMHARYV,10,20
HLA-B*07:02,WQRNRYLSS,42,21
HLA-B*07:02,FPCEGSWWH,15,22
HLA-B*07:02,YYPRDWTQF,44,23
HLA-B*07:02,YIGPSMFHM,33,24
HLA-B*07:02,ICARRQPWC,116,25
HLA-B*07:02,STRQDFPVN,64,26
HLA-B*07:02,IQMDKWANV,30,27
HLA-B*07:02,EVPISAINL,45,28
HLA-B*07:02,FTRFNGMAK,19,29
HLA-B*07:02,PGREMIDQT,114,30
HLA-B*07:02,HWPMHISAG,87,31
HLA-B*07:02,YTCEDKKCE,145,32
HLA-B*07:02,MRISVQQPC,78,33
HLA-B*07:02,NPHCNWFSY,6,34
HLA-B*07:02,WMHRIKTTI,32,35
HLA-B*07:02,ATLVIVQPF,34,36
HLA-B*07:02,DRCPFMPCM,141,37
HLA-B*07:02,NVTIFDSSM,11,38
HLA-B*07:02,PVNEDWHNM,46,39
HLA-B*07:02,SVHDGHLMA,18,40
HLA-B*07:02,WCRKNYLKK,112,41
HLA-B*07:02,IRTFCGLPD,102,42
HLA-B*07:02,QANNKSIDC,107,43
HLA-B*07:02,FVGEWWAIH,54,44
HLA-B*07:02,MCDFYGHQM,27,45
HLA-B*07:02,QPPYMEWFI,29,46
HLA-B*07:02,YPQFCDNRP,22,47
HLA-B*07:02,PYYLHAQAT,81,48
HLA-B*07:02,PGVGDKKSI,83,49
HLA-B*07:02,CNMFKPGQH,109,50
HLA-B*07:02,RWNPEASNF,60,51
HLA-B*07:02,FLAHTPIGE,90,52
HLA-B*07:02,RHWFSMDNM,48,53
HLA-B*07:02,RRQFRRIHV,24,54
HLA-B*07:02,RSTIILWFF,70,55
HLA-B*07:02,AGDPSSYVM,20,56
HLA-B*07:02,KLYAYTTGE,69,57
HLA-B*07:02,HCPMGEEpitopePredictionP,170,58
HLA-B*07:02,HLKTAEGIV,52,59
HLA-B*07:02,ITILSGTDL,12,60
HLA-B*07:02,RKAKMGLWS,59,61
HLA-B*07:02,MVVHFMPLY,62,62
HLA-B*07:02,GSKTSFIPT,80,63
HLA-B*07:02,RKIPANKFE,106,64
HLA-B*07:02,TAIGGNPLC,89,65
HLA-B*07:02,CAQHYTIMH,51,66
HLA-B*07:02,LWAQVLMAQ,57,67
HLA-B*07:02,MADLCRHVD,43,68
HLA-B*07:02,EMYMHETTA,73,69
HLA-B*07:02,QRKDGLVNL,66,70
HLA-B*07:02,PWVLFPFCA,191,71
HLA-B*07:02,RNTCEQTME,143,72
HLA-B*07:02,GIRVLENFD,154,73
HLA-B*07:02,VRYSGGALF,39,74
HLA-B*07:02,HECAQKHRH,132,75
HLA-B*07:02,AMAHYNEWL,14,76
HLA-B*07:02,DITMVKQFC,166,77
HLA-B*07:02,SFREDAKMQ,88,78
HLA-B*07:02,QDCKPQIKM,92,79
HLA-B*07:02,MVNWSYTAP,41,80
HLA-B*07:02,CFTQINHRH,149,81
HLA-B*07:02,ACLQVCVAN,121,82
HLA-B*07:02,SRYHAQDIF,61,83
HLA-B*07:02,NAFAKVSIT,50,84
HLA-B*07:02,LDRVLDYLH,113,85
HLA-B*07:02,SMSDPQHRE,105,86
HLA-B*07:02,AYVIRLFVH,82,87
HLA-B*07:02,FIIGNDGFN,126,88
HLA-B*07:02,WCMVENPMN,182,89
HLA-B*07:02,KMPWVEACF,68,90
HLA-B*07:02,KQASGTMYV,28,91
HLA-B*07:02,CVWWMIIWG,139,92
HLA-B*07:02,IMMQLTQDI,25,93
HLA-B*07:02,FHATHWWGF,53,94
HLA-B*07:02,RHLEQRPGA,63,95
HLA-B*07:02,FCTIERYKL,67,96
HLA-B*07:02,GNAWQVFVV,58,97
HLA-B*07:02,FALHGDVGA,38,98
HLA-B*07:02,SGWWPGFHT,85,99
HLA-B*07:02,FNFQNMNLC,103,100
HLA-B*07:02,SNADWNHPP,71,101
HLA-B*07:02,NYVQMVTMV,65,102
HLA-B*07:02,CRAWPPYSD,146,103
HLA-B*07:02,WHSNINNKV,104,104
HLA-B*07:02,PACTTEQCW,148,105
HLA-B*07:02,LMEKNSGFH,76,106
HLA-B*07:02,REQQPQWHC,147,107
HLA-B*07:02,VNFCNLITW,95,108
HLA-B*07:02,IGHPALYWC,135,109
HLA-B*07:02,QKKCRHQIG,164,110
HLA-B*07:02,EIVHCHLEG,144,111
HLA-B*07:02,HDYQEHCSV,47,112
HLA-B*07:02,QCCDECFIF,156,113
HLA-B*07:02,NSLDSATHH,108,114
HLA-B*07:02,RGLHNALYW,55,115
HLA-B*07:02,YLIWHSGCP,72,116
HLA-B*07:02,FWFLQPHSW,86,117
HLA-B*07:02,PEGYNCAAY,159,118
HLA-B*07:02,QCAFIVMWH,162,119
HLA-B*07:02,TAREDPCIP,99,120
HLA-B*07:02,GIEEDDVTF,75,121
HLA-B*07:02,PMPADPDNK,200,122
HLA-B*07:02,FNECVQQQH,130,123
HLA-B*07:02,FHKRKGYKM,56,124
HLA-B*07:02,GISVIAPAY,96,125
HLA-B*07:02,NKVALWICH,137,126
HLA-B*07:02,WMLDMYWCA,110,127
HLA-B*07:02,GYNVFPSNG,196,128
HLA-B*07:02,RFDVWMFCA,97,129
HLA-B*07:02,QLCIFNCVK,155,130
HLA-B*07:02,YDSFKEWRE,188,131
HLA-B*07:02,RCDAKEpitopePredictionWN,186,132
HLA-B*07:02,YMISKDNKT,74,133
HLA-B*07:02,WNWLCQQKA,111,134
HLA-B*07:02,WYVGTWGHS,140,135
HLA-B*07:02,DVPVVMVIQ,133,136
HLA-B*07:02,CFHDCVCIW,117,137
HLA-B*07:02,GQPGCMLKT,138,138
HLA-B*07:02,FNALSVGRK,122,139
HLA-B*07:02,CCLMMTRRR,136,140
HLA-B*07:02,NFVRQYQEW,120,141
HLA-B*07:02,IQWEGFIKH,118,142
HLA-B*07:02,PDHLLNFDS,198,143
HLA-B*07:02,KDKYRWMQP,153,144
HLA-B*07:02,MYFHQFCYP,158,145
HLA-B*07:02,DAWSILEIA,128,146
HLA-B*07:02,WCQYGAREK,127,147
HLA-B*07:02,CNWVAWHRK,161,148
HLA-B*07:02,RCESEIYNH,160,149
HLA-B*07:02,VSLKKCMIR,131,150
HLA-B*07:02,SQWMPHHWN,125,151
HLA-B*07:02,SEIRLPRDW,119,152
HLA-B*07:02,SDWSIALHS,172,153
HLA-B*07:02,TCWCRDKLR,177,154
HLA-B*07:02,EAECPPFFG,189,155
HLA-B*07:02,WHIGWYRPP,129,156
HLA-B*07:02,MFEQPPTGW,84,157
HLA-B*07:02,KSEFDRVMQ,91,158
HLA-B*07:02,EFDVLVGSS,180,159
HLA-B*07:02,SMECVPMAP,124,160
HLA-B*07:02,FKLLPIPKK,176,161
HLA-B*07:02,KCKIEYPDK,195,162
HLA-B*07:02,NSSSECISA,79,163
HLA-B*07:02,KEYHMDISG,152,164
HLA-B*07:02,CCLHLCGMY,167,165
HLA-B*07:02,TCLWSFQLR,163,166
HLA-B*07:02,ENFDCFRWW,123,167
HLA-B*07:02,FTKNDSEYW,115,168
HLA-B*07:02,FMHLRYTFV,36,169
HLA-B*07:02,QHVWDNITE,178,170
HLA-B*07:02,EWMVFYIIK,184,171
HLA-B*07:02,MREKSKMMY,98,172
HLA-B*07:02,IEHEEMSIP,173,173
HLA-B*07:02,CIICWSYWK,150,174
HLA-B*07:02,LHDDGKQKR,165,175
HLA-B*07:02,KYEVHSIDA,77,176
HLA-B*07:02,TEENVCWDH,193,177
HLA-B*07:02,DKECWSCWH,185,178
HLA-B*07:02,NFGHCCFDE,181,179
HLA-B*07:02,DCAAPIHNP,190,180
HLA-B*07:02,QKPRCVVCP,183,181
HLA-B*07:02,DQACLWGTG,174,182
HLA-B*07:02,DDIEMMLHS,194,183
HLA-B*07:02,DQTPCSIHA,151,184
HLA-B*07:02,FDNDWCEIK,187,185
HLA-B*07:02,TDWDHSEQG,179,186
HLA-B*07:02,AHIDSQNKW,100,187
HLA-B*07:02,KIYDDYWSK,101,188
HLA-B*07:02,WHKTTNETY,157,189
HLA-B*07:02,LKDDFRPTY,93,190
HLA-B*07:02,CHACFGVDP,169,191
HLA-B*07:02,NQVLVIDLY,171,192
HLA-B*07:02,ASTELYYWH,142,193
HLA-B*07:02,FMGISYDQA,94,194
HLA-B*07:02,NEIDSSYWS,168,195
HLA-B*07:02,KVDNVFEKS,134,196
HLA-B*07:02,DKATFHFHP,197,197
HLA-B*07:02,TDHAQLYTS,175,198
HLA-B*07:02,GEGFVPIKY,199,199
HLA-B*07:02,DTHSDIFHS,192,200
HLA-B*08:01,CLRVRKQMM,1,1
HLA-B*08:01,MAAHQRMHL,6,2
HLA-B*08:01,FHKRKGYKM,9,3
HLA-B*08:01,WMHRIKTTI,5,4
HLA-B*08:01,FMHLRYTFV,2,5
HLA-B*08:01,NLCKRGIPM,4,6
HLA-B*08:01,WQRNRYLSS,7,7
HLA-B*08:01,GLKWMKMGL,8,8
HLA-B*08:01,NAFAKVSIT,19,9
HLA-B*08:01,LLAGRMPVL,3,10
HLA-B*08:01,WMLDMYWCA,15,11
HLA-B*08:01,PVHRYTQDV,24,12
HLA-B*08:01,QKKCRHQIG,12,13
HLA-B*08:01,MNMRQVMPW,11,14
HLA-B*08:01,AMAHYNEWL,35,15
HLA-B*08:01,LQRMHARYV,10,16
HLA-B*08:01,TAANSKHCV,31,17
HLA-B*08:01,EMYMHETTA,13,18
HLA-B*08:01,FCTIERYKL,29,19
HLA-B*08:01,GSKTSFIPT,48,20
HLA-B*08:01,RTLDMRSSV,17,21
HLA-B*08:01,RRQFRRIHV,16,22
HLA-B*08:01,KDKYRWMQP,28,23
HLA-B*08:01,MVGTQLCML,18,24
HLA-B*08:01,YYPRDWTQF,64,25
HLA-B*08:01,HLKTAEGIV,30,26
HLA-B*08:01,IIWFLSALF,55,27
HLA-B*08:01,IQMDKWANV,20,28
HLA-B*08:01,MRISVQQPC,50,29
HLA-B*08:01,QRKDGLVNL,37,30
HLA-B*08:01,QKPRCVVCP,142,31
HLA-B*08:01,IMMQLTQDI,14,32
HLA-B*08:01,QANNKSIDC,59,33
HLA-B*08:01,YPQFCDNRP,88,34
HLA-B*08:01,MYFHQFCYP,65,35
HLA-B*08:01,YLIWHSGCP,23,36
HLA-B*08:01,YIGPSMFHM,43,37
HLA-B*08:01,YMISKDNKT,32,38
HLA-B*08:01,MADLCRHVD,53,39
HLA-B*08:01,ICARRQPWC,52,40
HLA-B*08:01,KGCNVRETL,60,41
HLA-B*08:01,VSLKKCMIR,56,42
HLA-B*08:01,RKAKMGLWS,102,43
HLA-B*08:01,NVTIFDSSM,21,44
HLA-B*08:01,PWVLFPFCA,181,45
HLA-B*08:01,YDSFKEWRE,71,46
HLA-B*08:01,MCDFYGHQM,27,47
HLA-B*08:01,HWPMHISAG,41,48
HLA-B*08:01,PYYLHAQAT,95,49
HLA-B*08:01,SRYHAQDIF,80,50
HLA-B*08:01,QDCKPQIKM,182,51
HLA-B*08:01,RGCFSQLAF,44,52
HLA-B*08:01,HDYQEHCSV,51,53
HLA-B*08:01,STRQDFPVN,34,54
HLA-B*08:01,NYVQMVTMV,67,55
HLA-B*08:01,FLAHTPIGE,84,56
HLA-B*08:01,DRCPFMPCM,81,57
HLA-B*08:01,KLYAYTTGE,39,58
HLA-B*08:01,SMSDPQHRE,118,59
HLA-B*08:01,FTRFNGMAK,38,60
HLA-B*08:01,VAAWMKILF,58,61
HLA-B*08:01,GNAWQVFVV,86,62
HLA-B*08:01,DKATFHFHP,140,63
HLA-B*08:01,NFGHCCFDE,123,64
HLA-B*08:01,YTCEDKKCE,96,65
HLA-B*08:01,EIVHCHLEG,73,66
HLA-B*08:01,NKVALWICH,158,67
HLA-B*08:01,AYVIRLFVH,119,68
HLA-B*08:01,KAAPSVRSV,33,69
HLA-B*08:01,FMGISYDQA,26,70
HLA-B*08:01,LWAQVLMAQ,115,71
HLA-B*08:01,PGVGDKKSI,116,72
HLA-B*08:01,RKIPANKFE,172,73
HLA-B*08:01,DITMVKQFC,89,74
HLA-B*08:01,DAWSILEIA,77,75
HLA-B*08:01,EWMVFYIIK,126,76
HLA-B*08:01,MVVHFMPLY,101,77
HLA-B*08:01,QLCIFNCVK,90,78
HLA-B*08:01,KMPWVEACF,70,79
HLA-B*08:01,FNFQNMNLC,82,80
HLA-B*08:01,ACPDFGKQM,148,81
HLA-B*08:01,EpitopePredictionVMTQHKF,42,82
HLA-B*08:01,EVPISAINL,69,83
HLA-B*08:01,FALHGDVGA,47,84
HLA-B*08:01,AGDPSSYVM,93,85
HLA-B*08:01,LMEKNSGFH,105,86
HLA-B*08:01,VRYSGGALF,112,87
HLA-B*08:01,ACLQVCVAN,151,88
HLA-B*08:01,CCLMMTRRR,97,89
HLA-B*08:01,RSTIILWFF,68,90
HLA-B*08:01,LDRVLDYLH,134,91
HLA-B*08:01,FVGEWWAIH,91,92
HLA-B*08:01,GIRVLENFD,117,93
HLA-B*08:01,SMECVPMAP,85,94
HLA-B*08:01,ITILSGTDL,49,95
HLA-B*08:01,WCRKNYLKK,63,96
HLA-B*08:01,SFREDAKMQ,106,97
HLA-B*08:01,CNMFKPGQH,54,98
HLA-B*08:01,CAQHYTIMH,94,99
HLA-B*08:01,FWFLQPHSW,57,100
HLA-B*08:01,FKLLPIPKK,157,101
HLA-B*08:01,NFVRQYQEW,66,102
HLA-B*08:01,KQASGTMYV,83,103
HLA-B*08:01,ATLVIVQPF,25,104
HLA-B*08:01,NSSSECISA,75,105
HLA-B*08:01,MVNWSYTAP,45,106
HLA-B*08:01,TAREDPCIP,99,107
HLA-B*08:01,FHATHWWGF,22,108
HLA-B*08:01,QPPYMEWFI,40,109
HLA-B*08:01,DVPVVMVIQ,184,110
HLA-B*08:01,FNALSVGRK,130,111
HLA-B*08:01,IGHPALYWC,133,112
HLA-B*08:01,FNECVQQQH,137,113
HLA-B*08:01,VPVWESKYT,127,114
HLA-B*08:01,HECAQKHRH,171,115
HLA-B*08:01,RHWFSMDNM,152,116
HLA-B*08:01,PDHLLNFDS,197,117
HLA-B*08:01,NPHCNWFSY,36,118
HLA-B*08:01,TVADNDRTL,62,119
HLA-B*08:01,MREKSKMMY,74,120
HLA-B*08:01,EFDVLVGSS,150,121
HLA-B*08:01,RFDVWMFCA,136,122
HLA-B*08:01,QCCDECFIF,154,123
HLA-B*08:01,CFTQINHRH,159,124
HLA-B*08:01,WNWLCQQKA,76,125
HLA-B*08:01,WHSNINNKV,100,126
HLA-B*08:01,FTKNDSEYW,61,127
HLA-B*08:01,PGREMIDQT,153,128
HLA-B*08:01,EAECPPFFG,187,129
HLA-B*08:01,KEYHMDISG,131,130
HLA-B*08:01,TCWCRDKLR,162,131
HLA-B*08:01,PVNEDWHNM,122,132
HLA-B*08:01,DTHSDIFHS,141,133
HLA-B*08:01,KYEVHSIDA,109,134
HLA-B*08:01,TDHAQLYTS,129,135
HLA-B*08:01,SNADWNHPP,111,136
HLA-B*08:01,DDIEMMLHS,163,137
HLA-B*08:01,NSLDSATHH,128,138
HLA-B*08:01,DQACLWGTG,144,139
HLA-B*08:01,NQVLVIDLY,185,140
HLA-B*08:01,CVWWMIIWG,114,141
HLA-B*08:01,RGLHNALYW,79,142
HLA-B*08:01,QHVWDNITE,193,143
HLA-B*08:01,CFHDCVCIW,72,144
HLA-B*08:01,DQTPCSIHA,149,145
HLA-B*08:01,IEHEEMSIP,178,146
HLA-B*08:01,TCLWSFQLR,139,147
HLA-B*08:01,SGWWPGFHT,188,148
HLA-B*08:01,GISVIAPAY,87,149
HLA-B*08:01,SQWMPHHWN,145,150
HLA-B*08:01,SVHDGHLMA,46,151
HLA-B*08:01,QCAFIVMWH,161,152
HLA-B*08:01,RHLEQRPGA,108,153
HLA-B*08:01,CCLHLCGMY,156,154
HLA-B*08:01,WCMVENPMN,143,155
HLA-B*08:01,IQWEGFIKH,186,156
HLA-B*08:01,IRTFCGLPD,147,157
HLA-B*08:01,SDWSIALHS,132,158
HLA-B*08:01,WYVGTWGHS,183,159
HLA-B*08:01,VNFCNLITW,98,160
HLA-B*08:01,NEIDSSYWS,155,161
HLA-B*08:01,TAIGGNPLC,174,162
HLA-B*08:01,FPCEGSWWH,107,163
HLA-B*08:01,FIIGNDGFN,138,164
HLA-B*08:01,KVDNVFEKS,175,165
HLA-B*08:01,LKDDFRPTY,113,166
HLA-B*08:01,ENFDCFRWW,78,167
HLA-B*08:01,KSEFDRVMQ,173,168
HLA-B*08:01,HCPMGEEpitopePredictionP,192,169
HLA-B*08:01,MFEQPPTGW,146,170
HLA-B*08:01,CHACFGVDP,179,171
HLA-B*08:01,CRAWPPYSD,135,172
HLA-B*08:01,WCQYGAREK,167,173
HLA-B*08:01,SEIRLPRDW,110,174
HLA-B*08:01,RWNPEASNF,121,175
HLA-B*08:01,RNTCEQTME,165,176
HLA-B*08:01,CNWVAWHRK,164,177
HLA-B*08:01,KCKIEYPDK,125,178
HLA-B*08:01,REQQPQWHC,170,179
HLA-B*08:01,GYNVFPSNG,180,180
HLA-B*08:01,GIEEDDVTF,104,181
HLA-B*08:01,DCAAPIHNP,191,182
HLA-B*08:01,PEGYNCAAY,166,183
HLA-B*08:01,WHKTTNETY,120,184
HLA-B*08:01,CIICWSYWK,92,185
HLA-B*08:01,GQPGCMLKT,196,186
HLA-B*08:01,WHIGWYRPP,124,187
HLA-B*08:01,FDNDWCEIK,190,188
HLA-B*08:01,RCDAKEpitopePredictionWN,168,189
HLA-B*08:01,LHDDGKQKR,198,190
HLA-B*08:01,GEGFVPIKY,200,191
HLA-B*08:01,ASTELYYWH,189,192
HLA-B*08:01,PMPADPDNK,199,193
HLA-B*08:01,DKECWSCWH,177,194
HLA-B*08:01,PACTTEQCW,160,195
HLA-B*08:01,TEENVCWDH,195,196
HLA-B*08:01,TDWDHSEQG,169,197
HLA-B*08:01,KIYDDYWSK,103,198
HLA-B*08:01,RCESEIYNH,176,199
HLA-B*08:01,AHIDSQNKW,194,200
HLA-B*15:01,RGCFSQLAF,3,1
HLA-B*15:01,KQASGTMYV,18,2
HLA-B*15:01,MVVHFMPLY,8,3
HLA-B*15:01,GISVIAPAY,6,4
HLA-B*15:01,LQRMHARYV,14,5
HLA-B*15:01,KMPWVEACF,5,6
HLA-B*15:01,IQWEGFIKH,55,7
HLA-B*15:01,NQVLVIDLY,12,8
HLA-B*15:01,IIWFLSALF,2,9
HLA-B*15:01,NLCKRGIPM,7,10
HLA-B*15:01,LLAGRMPVL,9,11
HLA-B*15:01,IMMQLTQDI,13,12
HLA-B*15:01,WQRNRYLSS,16,13
HLA-B*15:01,AMAHYNEWL,11,14
HLA-B*15:01,ATLVIVQPF,1,15
HLA-B*15:01,YIGPSMFHM,4,16
HLA-B*15:01,LMEKNSGFH,46,17
HLA-B*15:01,YLIWHSGCP,32,18
HLA-B*15:01,RWNPEASNF,10,19
HLA-B*15:01,GSKTSFIPT,48,20
HLA-B*15:01,VAAWMKILF,36,21
HLA-B*15:01,IQMDKWANV,15,22
HLA-B*15:01,WHKTTNETY,30,23
HLA-B*15:01,FVGEWWAIH,67,24
HLA-B*15:01,CAQHYTIMH,85,25
HLA-B*15:01,MVNWSYTAP,51,26
HLA-B*15:01,GEGFVPIKY,69,27
HLA-B*15:01,KAAPSVRSV,31,28
HLA-B*15:01,ITILSGTDL,35,29
HLA-B*15:01,CLRVRKQMM,22,30
HLA-B*15:01,VRYSGGALF,28,31
HLA-B*15:01,HLKTAEGIV,62,32
HLA-B*15:01,YYPRDWTQF,43,33
HLA-B*15:01,NPHCNWFSY,41,34
HLA-B*15:01,TVADNDRTL,52,35
HLA-B*15:01,NVTIFDSSM,39,36
HLA-B*15:01,LWAQVLMAQ,61,37
HLA-B*15:01,RTLDMRSSV,38,38
HLA-B*15:01,LKDDFRPTY,82,39
HLA-B*15:01,KGCNVRETL,53,40
HLA-B*15:01,SNADWNHPP,83,41
HLA-B*15:01,WMHRIKTTI,20,42
HLA-B*15:01,GLKWMKMGL,58,43
HLA-B*15:01,PEGYNCAAY,26,44
HLA-B*15:01,KLYAYTTGE,17,45
HLA-B*15:01,MNMRQVMPW,27,46
HLA-B*15:01,QCCDECFIF,68,47
HLA-B*15:01,RSTIILWFF,33,48
HLA-B*15:01,SQWMPHHWN,57,49
HLA-B*15:01,VNFCNLITW,71,50
HLA-B*15:01,SMSDPQHRE,42,51
HLA-B*15:01,MREKSKMMY,101,52
HLA-B*15:01,FTKNDSEYW,19,53
HLA-B*15:01,SVHDGHLMA,49,54
HLA-B*15:01,FMHLRYTFV,37,55
HLA-B*15:01,MVGTQLCML,40,56
HLA-B*15:01,WMLDMYWCA,45,57
HLA-B*15:01,STRQDFPVN,21,58
HLA-B*15:01,SMECVPMAP,78,59
HLA-B*15:01,FWFLQPHSW,54,60
HLA-B*15:01,MAAHQRMHL,25,61
HLA-B*15:01,FALHGDVGA,73,62
HLA-B*15:01,EMYMHETTA,23,63
HLA-B*15:01,YMISKDNKT,66,64
HLA-B*15:01,FLAHTPIGE,50,65
HLA-B*15:01,HECAQKHRH,108,66
HLA-B*15:01,CCLHLCGMY,63,67
HLA-B*15:01,IEHEEMSIP,117,68
HLA-B*15:01,FMGISYDQA,29,69
HLA-B*15:01,YPQFCDNRP,163,70
HLA-B*15:01,QLCIFNCVK,88,71
HLA-B*15:01,CNMFKPGQH,120,72
HLA-B*15:01,GIEEDDVTF,24,73
HLA-B*15:01,YTCEDKKCE,103,74
HLA-B*15:01,NSLDSATHH,65,75
HLA-B*15:01,PWVLFPFCA,190,76
HLA-B*15:01,SFREDAKMQ,132,77
HLA-B*15:01,GNAWQVFVV,90,78
HLA-B*15:01,FIIGNDGFN,72,79
HLA-B*15:01,MYFHQFCYP,87,80
HLA-B*15:01,KEYHMDISG,44,81
HLA-B*15:01,CFTQINHRH,166,82
HLA-B*15:01,SRYHAQDIF,47,83
HLA-B*15:01,FHATHWWGF,64,84
HLA-B*15:01,NAFAKVSIT,91,85
HLA-B*15:01,NSSSECISA,60,86
HLA-B*15:01,RGLHNALYW,74,87
HLA-B*15:01,QKKCRHQIG,142,88
HLA-B*15:01,RFDVWMFCA,155,89
HLA-B*15:01,WHIGWYRPP,136,90
HLA-B*15:01,GQPGCMLKT,126,91
HLA-B*15:01,AGDPSSYVM,34,92
HLA-B*15:01,CVWWMIIWG,98,93
HLA-B*15:01,SGWWPGFHT,115,94
HLA-B*15:01,CHACFGVDP,187,95
HLA-B*15:01,AYVIRLFVH,137,96
HLA-B*15:01,NYVQMVTMV,127,97
HLA-B*15:01,DRCPFMPCM,151,98
HLA-B*15:01,EpitopePredictionVMTQHKF,100,99
HLA-B*15:01,FNFQNMNLC,92,100
HLA-B*15:01,HWPMHISAG,56,101
HLA-B*15:01,GIRVLENFD,112,102
HLA-B*15:01,CFHDCVCIW,84,103
HLA-B*15:01,EIVHCHLEG,81,104
HLA-B*15:01,REQQPQWHC,79,105
HLA-B*15:01,RRQFRRIHV,130,106
HLA-B*15:01,ASTELYYWH,114,107
HLA-B*15:01,DKATFHFHP,195,108
HLA-B*15:01,TAREDPCIP,125,109
HLA-B*15:01,TAANSKHCV,93,110
HLA-B*15:01,EVPISAINL,106,111
HLA-B*15:01,MCDFYGHQM,89,112
HLA-B*15:01,WCMVENPMN,141,113
HLA-B*15:01,IGHPALYWC,111,114
HLA-B*15:01,KSEFDRVMQ,133,115
HLA-B*15:01,QCAFIVMWH,158,116
HLA-B*15:01,TAIGGNPLC,86,117
HLA-B*15:01,WYVGTWGHS,119,118
HLA-B*15:01,QANNKSIDC,99,119
HLA-B*15:01,QKPRCVVCP,188,120
HLA-B*15:01,PYYLHAQAT,183,121
HLA-B*15:01,FNECVQQQH,144,122
HLA-B*15:01,FHKRKGYKM,110,123
HLA-B*15:01,FTRFNGMAK,76,124
HLA-B*15:01,PVHRYTQDV,129,125
HLA-B*15:01,NKVALWICH,159,126
HLA-B*15:01,LDRVLDYLH,122,127
HLA-B*15:01,RKIPANKFE,128,128
HLA-B*15:01,KYEVHSIDA,167,129
HLA-B*15:01,RHWFSMDNM,95,130
HLA-B*15:01,MRISVQQPC,80,131
HLA-B*15:01,PGVGDKKSI,164,132
HLA-B*15:01,TCLWSFQLR,186,133
HLA-B*15:01,PACTTEQCW,124,134
HLA-B*15:01,HCPMGEEpitopePredictionP,149,135
HLA-B*15:01,DVPVVMVIQ,171,136
HLA-B*15:01,QRKDGLVNL,109,137
HLA-B*15:01,PVNEDWHNM,75,138
HLA-B*15:01,KIYDDYWSK,96,139
HLA-B*15:01,EAECPPFFG,174,140
HLA-B*15:01,QDCKPQIKM,123,141
HLA-B*15:01,SDWSIALHS,116,142
HLA-B*15:01,DQACLWGTG,59,143
HLA-B*15:01,TDHAQLYTS,147,144
HLA-B*15:01,VPVWESKYT,192,145
HLA-B*15:01,RNTCEQTME,139,146
HLA-B*15:01,CIICWSYWK,102,147
HLA-B*15:01,KDKYRWMQP,138,148
HLA-B*15:01,ACLQVCVAN,113,149
HLA-B*15:01,DCAAPIHNP,191,150
HLA-B*15:01,FKLLPIPKK,196,151
HLA-B*15:01,FCTIERYKL,182,152
HLA-B*15:01,NEIDSSYWS,104,153
HLA-B*15:01,GYNVFPSNG,140,154
HLA-B*15:01,EWMVFYIIK,181,155
HLA-B*15:01,RKAKMGLWS,145,156
HLA-B*15:01,EFDVLVGSS,175,157
HLA-B*15:01,CCLMMTRRR,189,158
HLA-B*15:01,PDHLLNFDS,199,159
HLA-B*15:01,KVDNVFEKS,148,160
HLA-B*15:01,SEIRLPRDW,94,161
HLA-B*15:01,ACPDFGKQM,107,162
HLA-B*15:01,QHVWDNITE,173,163
HLA-B*15:01,LHDDGKQKR,200,164
HLA-B*15:01,DAWSILEIA,153,165
HLA-B*15:01,FPCEGSWWH,143,166
HLA-B*15:01,WCQYGAREK,177,167
HLA-B*15:01,DITMVKQFC,169,168
HLA-B*15:01,NFVRQYQEW,118,169
HLA-B*15:01,FNALSVGRK,134,170
HLA-B*15:01,MFEQPPTGW,121,171
HLA-B*15:01,VSLKKCMIR,152,172
HLA-B*15:01,HDYQEHCSV,77,173
HLA-B*15:01,RCESEIYNH,170,174
HLA-B*15:01,DQTPCSIHA,70,175
HLA-B*15:01,MADLCRHVD,146,176
HLA-B*15:01,IRTFCGLPD,161,177
HLA-B*15:01,CRAWPPYSD,185,178
HLA-B*15:01,WHSNINNKV,179,179
HLA-B*15:01,NFGHCCFDE,156,180
HLA-B*15:01,DDIEMMLHS,160,181
HLA-B*15:01,WNWLCQQKA,150,182
HLA-B*15:01,TCWCRDKLR,197,183
HLA-B*15:01,DTHSDIFHS,131,184
HLA-B*15:01,DKECWSCWH,198,185
HLA-B*15:01,RHLEQRPGA,154,186
HLA-B*15:01,TDWDHSEQG,105,187
HLA-B*15:01,KCKIEYPDK,194,188
HLA-B*15:01,YDSFKEWRE,165,189
HLA-B*15:01,ICARRQPWC,157,190
HLA-B*15:01,QPPYMEWFI,178,191
HLA-B*15:01,TEENVCWDH,176,192
HLA-B*15:01,PGREMIDQT,172,193
HLA-B*15:01,ENFDCFRWW,97,194
HLA-B*15:01,WCRKNYLKK,184,195
HLA-B*15:01,CNWVAWHRK,168,196
HLA-B*15:01,AHIDSQNKW,135,197
HLA-B*15:01,FDNDWCEIK,162,198
HLA-B*15:01,PMPADPDNK,180,199
HLA-B*15:01,RCDAKEpitopePredictionWN,193,200
HLA-B*18:01,NQVLVIDLY,2,1
HLA-B*18:01,GEGFVPIKY,4,2
HLA-B*18:01,NEIDSSYWS,5,3
HLA-B*18:01,PEGYNCAAY,1,4
HLA-B*18:01,GISVIAPAY,47,5
HLA-B*18:01,TEENVCWDH,8,6
HLA-B*18:01,NPHCNWFSY,3,7
HLA-B*18:01,MCDFYGHQM,14,8
HLA-B*18:01,IEHEEMSIP,16,9
HLA-B*18:01,IIWFLSALF,13,10
HLA-B*18:01,VAAWMKILF,23,11
HLA-B*18:01,ENFDCFRWW,17,12
HLA-B*18:01,FPCEGSWWH,29,13
HLA-B*18:01,EFDVLVGSS,144,14
HLA-B*18:01,MNMRQVMPW,15,15
HLA-B*18:01,YYPRDWTQF,86,16
HLA-B*18:01,KMPWVEACF,104,17
HLA-B*18:01,MVVHFMPLY,9,18
HLA-B*18:01,LKDDFRPTY,20,19
HLA-B*18:01,QCCDECFIF,30,20
HLA-B*18:01,FWFLQPHSW,25,21
HLA-B*18:01,SQWMPHHWN,41,22
HLA-B*18:01,GIEEDDVTF,88,23
HLA-B*18:01,MREKSKMMY,33,24
HLA-B*18:01,KEYHMDISG,28,25
HLA-B*18:01,FHATHWWGF,44,26
HLA-B*18:01,RGCFSQLAF,21,27
HLA-B*18:01,VRYSGGALF,52,28
HLA-B*18:01,SEIRLPRDW,10,29
HLA-B*18:01,KQASGTMYV,106,30
HLA-B*18:01,DRCPFMPCM,18,31
HLA-B*18:01,TDHAQLYTS,62,32
HLA-B*18:01,DAWSILEIA,31,33
HLA-B*18:01,YDSFKEWRE,71,34
HLA-B*18:01,DDIEMMLHS,19,35
HLA-B*18:01,HECAQKHRH,7,36
HLA-B*18:01,ATLVIVQPF,48,37
HLA-B*18:01,ACLQVCVAN,83,38
HLA-B*18:01,DQACLWGTG,27,39
HLA-B*18:01,EVPISAINL,149,40
HLA-B*18:01,GNAWQVFVV,130,41
HLA-B*18:01,DKECWSCWH,82,42
HLA-B*18:01,NLCKRGIPM,32,43
HLA-B*18:01,NFVRQYQEW,49,44
HLA-B*18:01,NKVALWICH,75,45
HLA-B*18:01,CCLHLCGMY,26,46
HLA-B*18:01,PVNEDWHNM,134,47
HLA-B*18:01,RWNPEASNF,115,48
HLA-B*18:01,WMLDMYWCA,22,49
HLA-B*18:01,EpitopePredictionVMTQHKF,12,50
HLA-B*18:01,RFDVWMFCA,166,51
HLA-B*18:01,WNWLCQQKA,51,52
HLA-B*18:01,NVTIFDSSM,37,53
HLA-B*18:01,RHWFSMDNM,137,54
HLA-B*18:01,AGDPSSYVM,102,55
HLA-B*18:01,MFEQPPTGW,80,56
HLA-B*18:01,VNFCNLITW,11,57
HLA-B*18:01,REQQPQWHC,35,58
HLA-B*18:01,WHKTTNETY,24,59
HLA-B*18:01,IQMDKWANV,68,60
HLA-B*18:01,SRYHAQDIF,74,61
HLA-B*18:01,LWAQVLMAQ,63,62
HLA-B*18:01,YIGPSMFHM,64,63
HLA-B*18:01,LDRVLDYLH,46,64
HLA-B*18:01,RSTIILWFF,39,65
HLA-B*18:01,DTHSDIFHS,91,66
HLA-B*18:01,HDYQEHCSV,38,67
HLA-B*18:01,STRQDFPVN,105,68
HLA-B*18:01,QDCKPQIKM,58,69
HLA-B*18:01,TCLWSFQLR,54,70
HLA-B*18:01,FHKRKGYKM,92,71
HLA-B*18:01,PDHLLNFDS,174,72
HLA-B*18:01,FVGEWWAIH,78,73
HLA-B*18:01,CVWWMIIWG,85,74
HLA-B*18:01,EMYMHETTA,119,75
HLA-B*18:01,KYEVHSIDA,190,76
HLA-B*18:01,PWVLFPFCA,168,77
HLA-B*18:01,RTLDMRSSV,101,78
HLA-B*18:01,TCWCRDKLR,123,79
HLA-B*18:01,CFHDCVCIW,50,80
HLA-B*18:01,NFGHCCFDE,132,81
HLA-B*18:01,MADLCRHVD,61,82
HLA-B*18:01,QCAFIVMWH,89,83
HLA-B*18:01,KSEFDRVMQ,187,84
HLA-B*18:01,FDNDWCEIK,99,85
HLA-B*18:01,WQRNRYLSS,40,86
HLA-B*18:01,DVPVVMVIQ,87,87
HLA-B*18:01,AYVIRLFVH,153,88
HLA-B*18:01,CRAWPPYSD,181,89
HLA-B*18:01,FNECVQQQH,90,90
HLA-B*18:01,DQTPCSIHA,34,91
HLA-B*18:01,IQWEGFIKH,6,92
HLA-B*18:01,TVADNDRTL,94,93
HLA-B*18:01,YTCEDKKCE,112,94
HLA-B*18:01,YPQFCDNRP,129,95
HLA-B*18:01,NYVQMVTMV,56,96
HLA-B*18:01,CCLMMTRRR,77,97
HLA-B*18:01,GLKWMKMGL,147,98
HLA-B*18:01,MAAHQRMHL,95,99
HLA-B*18:01,RCDAKEpitopePredictionWN,182,100
HLA-B*18:01,RCESEIYNH,127,101
HLA-B*18:01,WMHRIKTTI,43,102
HLA-B*18:01,IRTFCGLPD,139,103
HLA-B*18:01,FLAHTPIGE,167,104
HLA-B*18:01,KAAPSVRSV,163,105
HLA-B*18:01,QHVWDNITE,143,106
HLA-B*18:01,CNMFKPGQH,154,107
HLA-B*18:01,LQRMHARYV,42,108
HLA-B*18:01,DCAAPIHNP,60,109
HLA-B*18:01,HWPMHISAG,165,110
HLA-B*18:01,ACPDFGKQM,138,111
HLA-B*18:01,TAANSKHCV,103,112
HLA-B*18:01,SDWSIALHS,96,113
HLA-B*18:01,WCQYGAREK,65,114
HLA-B*18:01,NSSSECISA,117,115
HLA-B*18:01,IGHPALYWC,53,116
HLA-B*18:01,WYVGTWGHS,116,117
HLA-B*18:01,FCTIERYKL,36,118
HLA-B*18:01,PGVGDKKSI,160,119
HLA-B*18:01,KGCNVRETL,69,120
HLA-B*18:01,CLRVRKQMM,131,121
HLA-B*18:01,ASTELYYWH,110,122
HLA-B*18:01,EIVHCHLEG,162,123
HLA-B*18:01,FNFQNMNLC,67,124
HLA-B*18:01,SGWWPGFHT,126,125
HLA-B*18:01,CHACFGVDP,178,126
HLA-B*18:01,SMECVPMAP,133,127
HLA-B*18:01,MRISVQQPC,100,128
HLA-B*18:01,WCMVENPMN,70,129
HLA-B*18:01,TDWDHSEQG,109,130
HLA-B*18:01,RKAKMGLWS,196,131
HLA-B*18:01,ICARRQPWC,164,132
HLA-B*18:01,VSLKKCMIR,128,133
HLA-B*18:01,MYFHQFCYP,72,134
HLA-B*18:01,CFTQINHRH,108,135
HLA-B*18:01,PYYLHAQAT,175,136
HLA-B*18:01,SNADWNHPP,114,137
HLA-B*18:01,PVHRYTQDV,195,138
HLA-B*18:01,NSLDSATHH,93,139
HLA-B*18:01,CNWVAWHRK,73,140
HLA-B*18:01,FTKNDSEYW,124,141
HLA-B*18:01,KLYAYTTGE,173,142
HLA-B*18:01,LHDDGKQKR,148,143
HLA-B*18:01,WHSNINNKV,97,144
HLA-B*18:01,CAQHYTIMH,135,145
HLA-B*18:01,RRQFRRIHV,188,146
HLA-B*18:01,LLAGRMPVL,113,147
HLA-B*18:01,SMSDPQHRE,176,148
HLA-B*18:01,GSKTSFIPT,180,149
HLA-B*18:01,RGLHNALYW,76,150
HLA-B*18:01,KIYDDYWSK,121,151
HLA-B*18:01,QRKDGLVNL,169,152
HLA-B*18:01,QPPYMEWFI,145,153
HLA-B*18:01,FMHLRYTFV,125,154
HLA-B*18:01,EWMVFYIIK,66,155
HLA-B*18:01,LMEKNSGFH,151,156
HLA-B*18:01,IMMQLTQDI,107,157
HLA-B*18:01,MVNWSYTAP,59,158
HLA-B*18:01,KDKYRWMQP,185,159
HLA-B*18:01,WHIGWYRPP,55,160
HLA-B*18:01,FALHGDVGA,141,161
HLA-B*18:01,FMGISYDQA,158,162
HLA-B*18:01,FIIGNDGFN,136,163
HLA-B*18:01,CIICWSYWK,118,164
HLA-B*18:01,WCRKNYLKK,45,165
HLA-B*18:01,KVDNVFEKS,186,166
HLA-B*18:01,SFREDAKMQ,157,167
HLA-B*18:01,HLKTAEGIV,146,168
HLA-B*18:01,DKATFHFHP,84,169
HLA-B*18:01,GYNVFPSNG,199,170
HLA-B*18:01,AMAHYNEWL,191,171
HLA-B*18:01,HCPMGEEpitopePredictionP,170,172
HLA-B*18:01,PACTTEQCW,171,173
HLA-B*18:01,GIRVLENFD,194,174
HLA-B*18:01,SVHDGHLMA,142,175
HLA-B*18:01,PMPADPDNK,200,176
HLA-B*18:01,TAIGGNPLC,120,177
HLA-B*18:01,TAREDPCIP,150,178
HLA-B*18:01,FNALSVGRK,152,179
HLA-B*18:01,FTRFNGMAK,79,180
HLA-B*18:01,RNTCEQTME,184,181
HLA-B*18:01,RKIPANKFE,193,182
HLA-B*18:01,QLCIFNCVK,140,183
HLA-B*18:01,RHLEQRPGA,161,184
HLA-B*18:01,QKPRCVVCP,198,185
HLA-B*18:01,EAECPPFFG,192,186
HLA-B*18:01,KCKIEYPDK,183,187
HLA-B*18:01,ITILSGTDL,111,188
HLA-B*18:01,YLIWHSGCP,122,189
HLA-B*18:01,MVGTQLCML,81,190
HLA-B*18:01,QANNKSIDC,179,191
HLA-B*18:01,VPVWESKYT,155,192
HLA-B*18:01,NAFAKVSIT,98,193
HLA-B*18:01,DITMVKQFC,57,194
HLA-B*18:01,FKLLPIPKK,156,195
HLA-B*18:01,AHIDSQNKW,172,196
HLA-B*18:01,GQPGCMLKT,189,197
HLA-B*18:01,PGREMIDQT,177,198
HLA-B*18:01,YMISKDNKT,159,199
HLA-B*18:01,QKKCRHQIG,197,200
HLA-B*27:05,RRQFRRIHV,1,1
HLA-B*27:05,VRYSGGALF,2,2
HLA-B*27:05,SRYHAQDIF,4,3
HLA-B*27:05,FKLLPIPKK,7,4
HLA-B*27:05,MRISVQQPC,5,5
HLA-B*27:05,RKAKMGLWS,13,6
HLA-B*27:05,QRKDGLVNL,3,7
HLA-B*27:05,WQRNRYLSS,17,8
HLA-B*27:05,NKVALWICH,18,9
HLA-B*27:05,CRAWPPYSD,12,10
HLA-B*27:05,CCLMMTRRR,51,11
HLA-B*27:05,IRTFCGLPD,9,12
HLA-B*27:05,RSTIILWFF,8,13
HLA-B*27:05,RGCFSQLAF,38,14
HLA-B*27:05,IQMDKWANV,23,15
HLA-B*27:05,IQWEGFIKH,6,16
HLA-B*27:05,RTLDMRSSV,28,17
HLA-B*27:05,WMLDMYWCA,37,18
HLA-B*27:05,RKIPANKFE,45,19
HLA-B*27:05,CCLHLCGMY,68,20
HLA-B*27:05,RWNPEASNF,24,21
HLA-B*27:05,KQASGTMYV,33,22
HLA-B*27:05,LQRMHARYV,30,23
HLA-B*27:05,EWMVFYIIK,54,24
HLA-B*27:05,RHWFSMDNM,11,25
HLA-B*27:05,MREKSKMMY,15,26
HLA-B*27:05,WMHRIKTTI,16,27
HLA-B*27:05,KIYDDYWSK,43,28
HLA-B*27:05,RHLEQRPGA,26,29
HLA-B*27:05,SQWMPHHWN,19,30
HLA-B*27:05,WCRKNYLKK,48,31
HLA-B*27:05,FMHLRYTFV,29,32
HLA-B*27:05,KMPWVEACF,40,33
HLA-B*27:05,RGLHNALYW,21,34
HLA-B*27:05,KLYAYTTGE,88,35
HLA-B*27:05,IMMQLTQDI,42,36
HLA-B*27:05,WNWLCQQKA,47,37
HLA-B*27:05,DRCPFMPCM,10,38
HLA-B*27:05,CIICWSYWK,39,39
HLA-B*27:05,CAQHYTIMH,58,40
HLA-B*27:05,NQVLVIDLY,20,41
HLA-B*27:05,QKKCRHQIG,142,42
HLA-B*27:05,AMAHYNEWL,27,43
HLA-B*27:05,GLKWMKMGL,72,44
HLA-B*27:05,TCLWSFQLR,66,45
HLA-B*27:05,CVWWMIIWG,70,46
HLA-B*27:05,YMISKDNKT,90,47
HLA-B*27:05,CNWVAWHRK,14,48
HLA-B*27:05,SGWWPGFHT,76,49
HLA-B*27:05,GQPGCMLKT,35,50
HLA-B*27:05,QHVWDNITE,156,51
HLA-B*27:05,RFDVWMFCA,69,52
HLA-B*27:05,QCAFIVMWH,93,53
HLA-B*27:05,VSLKKCMIR,119,54
HLA-B*27:05,WHKTTNETY,65,55
HLA-B*27:05,TCWCRDKLR,64,56
HLA-B*27:05,KAAPSVRSV,81,57
HLA-B*27:05,LKDDFRPTY,63,58
HLA-B*27:05,FWFLQPHSW,25,59
HLA-B*27:05,LDRVLDYLH,94,60
HLA-B*27:05,IIWFLSALF,22,61
HLA-B*27:05,DKATFHFHP,138,62
HLA-B*27:05,LWAQVLMAQ,148,63
HLA-B*27:05,FCTIERYKL,56,64
HLA-B*27:05,GSKTSFIPT,98,65
HLA-B*27:05,WCMVENPMN,100,66
HLA-B*27:05,WHIGWYRPP,71,67
HLA-B*27:05,ASTELYYWH,32,68
HLA-B*27:05,ATLVIVQPF,41,69
HLA-B*27:05,FNALSVGRK,46,70
HLA-B*27:05,RNTCEQTME,92,71
HLA-B*27:05,GIRVLENFD,178,72
HLA-B*27:05,RCDAKEpitopePredictionWN,163,73
HLA-B*27:05,RCESEIYNH,52,74
HLA-B*27:05,PVHRYTQDV,171,75
HLA-B*27:05,VAAWMKILF,57,76
HLA-B*27:05,AYVIRLFVH,61,77
HLA-B*27:05,CNMFKPGQH,82,78
HLA-B*27:05,KDKYRWMQP,167,79
HLA-B*27:05,CLRVRKQMM,67,80
HLA-B*27:05,KEYHMDISG,140,81
HLA-B*27:05,LHDDGKQKR,159,82
HLA-B*27:05,SDWSIALHS,62,83
HLA-B*27:05,WCQYGAREK,60,84
HLA-B*27:05,IGHPALYWC,112,85
HLA-B*27:05,KVDNVFEKS,135,86
HLA-B*27:05,FDNDWCEIK,106,87
HLA-B*27:05,EMYMHETTA,115,88
HLA-B*27:05,KCKIEYPDK,127,89
HLA-B*27:05,AGDPSSYVM,125,90
HLA-B*27:05,HLKTAEGIV,144,91
HLA-B*27:05,FHATHWWGF,34,92
HLA-B*27:05,DKECWSCWH,113,93
HLA-B*27:05,FLAHTPIGE,146,94
HLA-B*27:05,MVVHFMPLY,55,95
HLA-B*27:05,LMEKNSGFH,121,96
HLA-B*27:05,CHACFGVDP,166,97
HLA-B*27:05,QLCIFNCVK,89,98
HLA-B*27:05,WHSNINNKV,53,99
HLA-B*27:05,GNAWQVFVV,75,100
HLA-B*27:05,DQACLWGTG,73,101
HLA-B*27:05,QCCDECFIF,170,102
HLA-B*27:05,PGREMIDQT,174,103
HLA-B*27:05,MVNWSYTAP,182,104
HLA-B*27:05,DAWSILEIA,114,105
HLA-B*27:05,KSEFDRVMQ,151,106
HLA-B*27:05,SNADWNHPP,118,107
HLA-B*27:05,GEGFVPIKY,143,108
HLA-B*27:05,ENFDCFRWW,108,109
HLA-B*27:05,KGCNVRETL,59,110
HLA-B*27:05,FVGEWWAIH,86,111
HLA-B*27:05,FHKRKGYKM,31,112
HLA-B*27:05,PGVGDKKSI,139,113
HLA-B*27:05,NVTIFDSSM,103,114
HLA-B*27:05,FNFQNMNLC,50,115
HLA-B*27:05,YDSFKEWRE,191,116
HLA-B*27:05,QANNKSIDC,175,117
HLA-B*27:05,MAAHQRMHL,85,118
HLA-B*27:05,REQQPQWHC,83,119
HLA-B*27:05,SMSDPQHRE,150,120
HLA-B*27:05,ACLQVCVAN,129,121
HLA-B*27:05,FALHGDVGA,104,122
HLA-B*27:05,FMGISYDQA,124,123
HLA-B*27:05,EVPISAINL,158,124
HLA-B*27:05,YLIWHSGCP,154,125
HLA-B*27:05,YYPRDWTQF,36,126
HLA-B*27:05,GISVIAPAY,107,127
HLA-B*27:05,QDCKPQIKM,132,128
HLA-B*27:05,EIVHCHLEG,189,129
HLA-B*27:05,DQTPCSIHA,99,130
HLA-B*27:05,GIEEDDVTF,169,131
HLA-B*27:05,HWPMHISAG,105,132
HLA-B*27:05,SEIRLPRDW,122,133
HLA-B*27:05,HDYQEHCSV,130,134
HLA-B*27:05,TDHAQLYTS,145,135
HLA-B*27:05,FTRFNGMAK,91,136
HLA-B*27:05,YIGPSMFHM,95,137
HLA-B*27:05,IEHEEMSIP,196,138
HLA-B*27:05,LLAGRMPVL,79,139
HLA-B*27:05,KYEVHSIDA,183,140
HLA-B*27:05,ACPDFGKQM,84,141
HLA-B*27:05,MNMRQVMPW,44,142
HLA-B*27:05,QPPYMEWFI,160,143
HLA-B*27:05,SVHDGHLMA,131,144
HLA-B*27:05,AHIDSQNKW,109,145
HLA-B*27:05,SFREDAKMQ,176,146
HLA-B*27:05,TAANSKHCV,134,147
HLA-B*27:05,TVADNDRTL,155,148
HLA-B*27:05,STRQDFPVN,161,149
HLA-B*27:05,HECAQKHRH,101,150
HLA-B*27:05,FTKNDSEYW,126,151
HLA-B*27:05,PDHLLNFDS,173,152
HLA-B*27:05,NAFAKVSIT,149,153
HLA-B*27:05,VNFCNLITW,80,154
HLA-B*27:05,CFTQINHRH,49,155
HLA-B*27:05,NYVQMVTMV,87,156
HLA-B*27:05,TAREDPCIP,198,157
HLA-B*27:05,TDWDHSEQG,165,158
HLA-B*27:05,NPHCNWFSY,120,159
HLA-B*27:05,YPQFCDNRP,192,160
HLA-B*27:05,EpitopePredictionVMTQHKF,133,161
HLA-B*27:05,SMECVPMAP,184,162
HLA-B*27:05,GYNVFPSNG,136,163
HLA-B*27:05,DDIEMMLHS,172,164
HLA-B*27:05,FNECVQQQH,117,165
HLA-B*27:05,MCDFYGHQM,77,166
HLA-B*27:05,DCAAPIHNP,187,167
HLA-B*27:05,PWVLFPFCA,111,168
HLA-B*27:05,PEGYNCAAY,195,169
HLA-B*27:05,DVPVVMVIQ,197,170
HLA-B*27:05,EAECPPFFG,199,171
HLA-B*27:05,NLCKRGIPM,78,172
HLA-B*27:05,FIIGNDGFN,157,173
HLA-B*27:05,MYFHQFCYP,137,174
HLA-B*27:05,QKPRCVVCP,102,175
HLA-B*27:05,NEIDSSYWS,180,176
HLA-B*27:05,NFVRQYQEW,153,177
HLA-B*27:05,NFGHCCFDE,200,178
HLA-B*27:05,NSSSECISA,162,179
HLA-B*27:05,NSLDSATHH,74,180
HLA-B*27:05,MADLCRHVD,177,181
HLA-B*27:05,ICARRQPWC,141,182
HLA-B*27:05,MFEQPPTGW,179,183
HLA-B*27:05,DTHSDIFHS,164,184
HLA-B*27:05,TEENVCWDH,188,185
HLA-B*27:05,CFHDCVCIW,152,186
HLA-B*27:05,ITILSGTDL,128,187
HLA-B*27:05,MVGTQLCML,123,188
HLA-B*27:05,FPCEGSWWH,147,189
HLA-B*27:05,HCPMGEEpitopePredictionP,181,190
HLA-B*27:05,EFDVLVGSS,186,191
HLA-B*27:05,VPVWESKYT,193,192
HLA-B*27:05,DITMVKQFC,185,193
HLA-B*27:05,PACTTEQCW,194,194
HLA-B*27:05,PVNEDWHNM,97,195
HLA-B*27:05,TAIGGNPLC,116,196
HLA-B*27:05,PMPADPDNK,110,197
HLA-B*27:05,YTCEDKKCE,190,198
HLA-B*27:05,PYYLHAQAT,168,199
HLA-B*27:05,WYVGTWGHS,96,200
HLA-B*39:01,HDYQEHCSV,8,1
HLA-B*39:01,MRISVQQPC,3,2
HLA-B*39:01,MCDFYGHQM,6,3
HLA-B*39:01,MAAHQRMHL,7,4
HLA-B*39:01,WMLDMYWCA,35,5
HLA-B*39:01,RHWFSMDNM,25,6
HLA-B*39:01,EVPISAINL,79,7
HLA-B*39:01,WHIGWYRPP,2,8
HLA-B*39:01,AGDPSSYVM,13,9
HLA-B*39:01,FHATHWWGF,1,10
HLA-B*39:01,MNMRQVMPW,16,11
HLA-B*39:01,SRYHAQDIF,12,12
HLA-B*39:01,WHSNINNKV,4,13
HLA-B*39:01,FHKRKGYKM,50,14
HLA-B*39:01,PYYLHAQAT,164,15
HLA-B*39:01,WMHRIKTTI,23,16
HLA-B*39:01,EMYMHETTA,92,17
HLA-B*39:01,QRKDGLVNL,30,18
HLA-B*39:01,FCTIERYKL,34,19
HLA-B*39:01,FMHLRYTFV,39,20
HLA-B*39:01,IQMDKWANV,20,21
HLA-B*39:01,YIGPSMFHM,48,22
HLA-B*39:01,TVADNDRTL,14,23
HLA-B*39:01,RRQFRRIHV,26,24
HLA-B*39:01,NKVALWICH,28,25
HLA-B*39:01,FWFLQPHSW,33,26
HLA-B*39:01,KQASGTMYV,9,27
HLA-B*39:01,LLAGRMPVL,5,28
HLA-B*39:01,AMAHYNEWL,19,29
HLA-B*39:01,CHACFGVDP,24,30
HLA-B*39:01,MVNWSYTAP,49,31
HLA-B*39:01,TAANSKHCV,27,32
HLA-B*39:01,FNFQNMNLC,38,33
HLA-B*39:01,TAIGGNPLC,52,34
HLA-B*39:01,QHVWDNITE,31,35
HLA-B*39:01,MVGTQLCML,41,36
HLA-B*39:01,PVNEDWHNM,145,37
HLA-B*39:01,GNAWQVFVV,21,38
HLA-B*39:01,EpitopePredictionVMTQHKF,37,39
HLA-B*39:01,SMECVPMAP,17,40
HLA-B*39:01,MADLCRHVD,40,41
HLA-B*39:01,RTLDMRSSV,42,42
HLA-B*39:01,KGCNVRETL,54,43
HLA-B*39:01,VRYSGGALF,11,44
HLA-B*39:01,SDWSIALHS,136,45
HLA-B*39:01,TDHAQLYTS,87,46
HLA-B*39:01,AHIDSQNKW,32,47
HLA-B*39:01,FVGEWWAIH,63,48
HLA-B*39:01,NVTIFDSSM,57,49
HLA-B*39:01,IMMQLTQDI,43,50
HLA-B*39:01,CRAWPPYSD,36,51
HLA-B*39:01,ITILSGTDL,61,52
HLA-B*39:01,REQQPQWHC,118,53
HLA-B*39:01,WCMVENPMN,84,54
HLA-B*39:01,QPPYMEWFI,98,55
HLA-B*39:01,NYVQMVTMV,47,56
HLA-B*39:01,SNADWNHPP,22,57
HLA-B*39:01,HWPMHISAG,127,58
HLA-B*39:01,RHLEQRPGA,45,59
HLA-B*39:01,CFHDCVCIW,114,60
HLA-B*39:01,RGCFSQLAF,58,61
HLA-B*39:01,DAWSILEIA,157,62
HLA-B*39:01,QKKCRHQIG,176,63
HLA-B*39:01,PVHRYTQDV,170,64
HLA-B*39:01,HECAQKHRH,72,65
HLA-B*39:01,FNECVQQQH,76,66
HLA-B*39:01,QDCKPQIKM,112,67
HLA-B*39:01,DVPVVMVIQ,163,68
HLA-B*39:01,NSSSECISA,55,69
HLA-B*39:01,DRCPFMPCM,10,70
HLA-B*39:01,SEIRLPRDW,116,71
HLA-B*39:01,LWAQVLMAQ,86,72
HLA-B*39:01,RKIPANKFE,124,73
HLA-B*39:01,ACLQVCVAN,67,74
HLA-B*39:01,WNWLCQQKA,146,75
HLA-B*39:01,DQTPCSIHA,89,76
HLA-B*39:01,IRTFCGLPD,74,77
HLA-B*39:01,GLKWMKMGL,104,78
HLA-B*39:01,FKLLPIPKK,91,79
HLA-B*39:01,DITMVKQFC,193,80
HLA-B*39:01,IGHPALYWC,182,81
HLA-B*39:01,PWVLFPFCA,173,82
HLA-B*39:01,WQRNRYLSS,75,83
HLA-B*39:01,ACPDFGKQM,148,84
HLA-B*39:01,TDWDHSEQG,140,85
HLA-B*39:01,FMGISYDQA,120,86
HLA-B*39:01,DDIEMMLHS,137,87
HLA-B*39:01,KAAPSVRSV,60,88
HLA-B*39:01,CCLMMTRRR,189,89
HLA-B*39:01,TCLWSFQLR,152,90
HLA-B*39:01,FALHGDVGA,68,91
HLA-B*39:01,PACTTEQCW,183,92
HLA-B*39:01,LHDDGKQKR,125,93
HLA-B*39:01,KMPWVEACF,143,94
HLA-B*39:01,IQWEGFIKH,93,95
HLA-B*39:01,SQWMPHHWN,103,96
HLA-B*39:01,AYVIRLFVH,138,97
HLA-B*39:01,PGVGDKKSI,179,98
HLA-B*39:01,KEYHMDISG,123,99
HLA-B*39:01,TCWCRDKLR,192,100
HLA-B*39:01,WYVGTWGHS,139,101
HLA-B*39:01,NAFAKVSIT,44,102
HLA-B*39:01,SVHDGHLMA,102,103
HLA-B*39:01,NSLDSATHH,97,104
HLA-B*39:01,HCPMGEEpitopePredictionP,126,105
HLA-B*39:01,FIIGNDGFN,111,106
HLA-B*39:01,LQRMHARYV,121,107
HLA-B*39:01,NLCKRGIPM,15,108
HLA-B*39:01,VNFCNLITW,82,109
HLA-B*39:01,QCCDECFIF,70,110
HLA-B*39:01,ENFDCFRWW,153,111
HLA-B*39:01,IIWFLSALF,109,112
HLA-B*39:01,SGWWPGFHT,171,113
HLA-B*39:01,VPVWESKYT,160,114
HLA-B*39:01,HLKTAEGIV,83,115
HLA-B*39:01,EWMVFYIIK,69,116
HLA-B*39:01,CFTQINHRH,181,117
HLA-B*39:01,RKAKMGLWS,115,118
HLA-B*39:01,RFDVWMFCA,105,119
HLA-B*39:01,MFEQPPTGW,130,120
HLA-B*39:01,QANNKSIDC,158,121
HLA-B*39:01,DKATFHFHP,66,122
HLA-B*39:01,FDNDWCEIK,81,123
HLA-B*39:01,YPQFCDNRP,51,124
HLA-B*39:01,VAAWMKILF,90,125
HLA-B*39:01,IEHEEMSIP,85,126
HLA-B*39:01,NQVLVIDLY,64,127
HLA-B*39:01,ATLVIVQPF,62,128
HLA-B*39:01,NEIDSSYWS,53,129
HLA-B*39:01,PDHLLNFDS,195,130
HLA-B*39:01,YTCEDKKCE,162,131
HLA-B*39:01,KYEVHSIDA,156,132
HLA-B*39:01,EFDVLVGSS,169,133
HLA-B*39:01,ICARRQPWC,186,134
HLA-B*39:01,STRQDFPVN,165,135
HLA-B*39:01,KSEFDRVMQ,147,136
HLA-B*39:01,RGLHNALYW,135,137
HLA-B*39:01,QKPRCVVCP,132,138
HLA-B*39:01,GSKTSFIPT,159,139
HLA-B*39:01,DQACLWGTG,73,140
HLA-B*39:01,CAQHYTIMH,99,141
HLA-B*39:01,YLIWHSGCP,56,142
HLA-B*39:01,QCAFIVMWH,155,143
HLA-B*39:01,CNMFKPGQH,128,144
HLA-B*39:01,GYNVFPSNG,172,145
HLA-B*39:01,LMEKNSGFH,154,146
HLA-B*39:01,MREKSKMMY,59,147
HLA-B*39:01,FPCEGSWWH,18,148
HLA-B*39:01,RWNPEASNF,108,149
HLA-B*39:01,KVDNVFEKS,190,150
HLA-B*39:01,GIEEDDVTF,77,151
HLA-B*39:01,CLRVRKQMM,151,152
HLA-B*39:01,WHKTTNETY,95,153
HLA-B*39:01,NFVRQYQEW,167,154
HLA-B*39:01,TEENVCWDH,94,155
HLA-B*39:01,QLCIFNCVK,119,156
HLA-B*39:01,DKECWSCWH,78,157
HLA-B*39:01,CVWWMIIWG,168,158
HLA-B*39:01,RCDAKEpitopePredictionWN,166,159
HLA-B*39:01,FNALSVGRK,113,160
HLA-B*39:01,DTHSDIFHS,174,161
HLA-B*39:01,YYPRDWTQF,149,162
HLA-B*39:01,YMISKDNKT,65,163
HLA-B*39:01,VSLKKCMIR,177,164
HLA-B*39:01,TAREDPCIP,101,165
HLA-B*39:01,EIVHCHLEG,142,166
HLA-B*39:01,MVVHFMPLY,88,167
HLA-B*39:01,YDSFKEWRE,134,168
HLA-B*39:01,RCESEIYNH,131,169
HLA-B*39:01,MYFHQFCYP,122,170
HLA-B*39:01,GQPGCMLKT,129,171
HLA-B*39:01,PEGYNCAAY,191,172
HLA-B*39:01,SMSDPQHRE,96,173
HLA-B*39:01,RSTIILWFF,144,174
HLA-B*39:01,FLAHTPIGE,46,175
HLA-B*39:01,DCAAPIHNP,133,176
HLA-B*39:01,NPHCNWFSY,29,177
HLA-B*39:01,PGREMIDQT,199,178
HLA-B*39:01,ASTELYYWH,150,179
HLA-B*39:01,LDRVLDYLH,188,180
HLA-B*39:01,GEGFVPIKY,185,181
HLA-B*39:01,EAECPPFFG,141,182
HLA-B*39:01,SFREDAKMQ,194,183
HLA-B*39:01,WCQYGAREK,110,184
HLA-B*39:01,GISVIAPAY,117,185
HLA-B*39:01,CNWVAWHRK,161,186
HLA-B*39:01,KDKYRWMQP,196,187
HLA-B*39:01,LKDDFRPTY,71,188
HLA-B*39:01,CIICWSYWK,80,189
HLA-B*39:01,CCLHLCGMY,180,190
HLA-B*39:01,RNTCEQTME,175,191
HLA-B*39:01,FTKNDSEYW,187,192
HLA-B*39:01,GIRVLENFD,197,193
HLA-B*39:01,KLYAYTTGE,100,194
HLA-B*39:01,WCRKNYLKK,178,195
HLA-B*39:01,FTRFNGMAK,107,196
HLA-B*39:01,KCKIEYPDK,200,197
HLA-B*39:01,PMPADPDNK,198,198
HLA-B*39:01,NFGHCCFDE,184,199
HLA-B*39:01,KIYDDYWSK,106,200
HLA-B*40:02,WMLDMYWCA,5,1
HLA-B*40:02,REQQPQWHC,4,2
HLA-B*40:02,HDYQEHCSV,2,3
HLA-B*40:02,KEYHMDISG,1,4
HLA-B*40:02,GSKTSFIPT,17,5
HLA-B*40:02,TDHAQLYTS,9,6
HLA-B*40:02,FWFLQPHSW,37,7
HLA-B*40:02,KQASGTMYV,50,8
HLA-B*40:02,AGDPSSYVM,55,9
HLA-B*40:02,IEHEEMSIP,15,10
HLA-B*40:02,KYEVHSIDA,46,11
HLA-B*40:02,WNWLCQQKA,12,12
HLA-B*40:02,DAWSILEIA,71,13
HLA-B*40:02,GNAWQVFVV,26,14
HLA-B*40:02,ACLQVCVAN,56,15
HLA-B*40:02,HWPMHISAG,111,16
HLA-B*40:02,PDHLLNFDS,39,17
HLA-B*40:02,EFDVLVGSS,143,18
HLA-B*40:02,EVPISAINL,112,19
HLA-B*40:02,GEGFVPIKY,8,20
HLA-B*40:02,RWNPEASNF,36,21
HLA-B*40:02,EMYMHETTA,76,22
HLA-B*40:02,RFDVWMFCA,48,23
HLA-B*40:02,YIGPSMFHM,70,24
HLA-B*40:02,PWVLFPFCA,92,25
HLA-B*40:02,IQMDKWANV,34,26
HLA-B*40:02,QRKDGLVNL,68,27
HLA-B*40:02,KDKYRWMQP,53,28
HLA-B*40:02,DDIEMMLHS,51,29
HLA-B*40:02,SDWSIALHS,10,30
HLA-B*40:02,NEIDSSYWS,16,31
HLA-B*40:02,KSEFDRVMQ,147,32
HLA-B*40:02,RHWFSMDNM,13,33
HLA-B*40:02,RSTIILWFF,22,34
HLA-B*40:02,KAAPSVRSV,42,35
HLA-B*40:02,SEIRLPRDW,3,36
HLA-B*40:02,RTLDMRSSV,7,37
HLA-B*40:02,TEENVCWDH,20,38
HLA-B*40:02,RRQFRRIHV,62,39
HLA-B*40:02,EWMVFYIIK,89,40
HLA-B*40:02,LWAQVLMAQ,120,41
HLA-B*40:02,FDNDWCEIK,28,42
HLA-B*40:02,SRYHAQDIF,33,43
HLA-B*40:02,MCDFYGHQM,65,44
HLA-B*40:02,LDRVLDYLH,23,45
HLA-B*40:02,EIVHCHLEG,181,46
HLA-B*40:02,TDWDHSEQG,60,47
HLA-B*40:02,IIWFLSALF,47,48
HLA-B*40:02,RGCFSQLAF,11,49
HLA-B*40:02,IGHPALYWC,122,50
HLA-B*40:02,KMPWVEACF,85,51
HLA-B*40:02,WHIGWYRPP,99,52
HLA-B*40:02,WCMVENPMN,95,53
HLA-B*40:02,SQWMPHHWN,141,54
HLA-B*40:02,QCCDECFIF,32,55
HLA-B*40:02,MRISVQQPC,87,56
HLA-B*40:02,NSSSECISA,74,57
HLA-B*40:02,AYVIRLFVH,117,58
HLA-B*40:02,GISVIAPAY,93,59
HLA-B*40:02,FHATHWWGF,64,60
HLA-B*40:02,WQRNRYLSS,30,61
HLA-B*40:02,LQRMHARYV,66,62
HLA-B*40:02,NYVQMVTMV,86,63
HLA-B*40:02,DRCPFMPCM,101,64
HLA-B*40:02,TCLWSFQLR,126,65
HLA-B*40:02,GYNVFPSNG,128,66
HLA-B*40:02,QPPYMEWFI,103,67
HLA-B*40:02,MNMRQVMPW,43,68
HLA-B*40:02,DTHSDIFHS,177,69
HLA-B*40:02,EAECPPFFG,194,70
HLA-B*40:02,MREKSKMMY,166,71
HLA-B*40:02,FMHLRYTFV,57,72
HLA-B*40:02,HECAQKHRH,14,73
HLA-B*40:02,CVWWMIIWG,134,74
HLA-B*40:02,DKECWSCWH,200,75
HLA-B*40:02,WHSNINNKV,31,76
HLA-B*40:02,PEGYNCAAY,72,77
HLA-B*40:02,FCTIERYKL,29,78
HLA-B*40:02,QDCKPQIKM,18,79
HLA-B*40:02,RCDAKEpitopePredictionWN,173,80
HLA-B*40:02,SMECVPMAP,157,81
HLA-B*40:02,FALHGDVGA,49,82
HLA-B*40:02,RCESEIYNH,96,83
HLA-B*40:02,RHLEQRPGA,21,84
HLA-B*40:02,LLAGRMPVL,84,85
HLA-B*40:02,MADLCRHVD,187,86
HLA-B*40:02,DQACLWGTG,183,87
HLA-B*40:02,SNADWNHPP,119,88
HLA-B*40:02,MVVHFMPLY,129,89
HLA-B*40:02,DQTPCSIHA,94,90
HLA-B*40:02,ATLVIVQPF,6,91
HLA-B*40:02,KGCNVRETL,27,92
HLA-B*40:02,PVHRYTQDV,161,93
HLA-B*40:02,MYFHQFCYP,150,94
HLA-B*40:02,WHKTTNETY,132,95
HLA-B*40:02,FMGISYDQA,88,96
HLA-B*40:02,CRAWPPYSD,175,97
HLA-B*40:02,KVDNVFEKS,144,98
HLA-B*40:02,ACPDFGKQM,44,99
HLA-B*40:02,GLKWMKMGL,35,100
HLA-B*40:02,MAAHQRMHL,110,101
HLA-B*40:02,QCAFIVMWH,169,102
HLA-B*40:02,GIEEDDVTF,113,103
HLA-B*40:02,EpitopePredictionVMTQHKF,156,104
HLA-B*40:02,AMAHYNEWL,90,105
HLA-B*40:02,DVPVVMVIQ,197,106
HLA-B*40:02,CCLMMTRRR,114,107
HLA-B*40:02,KIYDDYWSK,69,108
HLA-B*40:02,SVHDGHLMA,63,109
HLA-B*40:02,IMMQLTQDI,25,110
HLA-B*40:02,VRYSGGALF,73,111
HLA-B*40:02,RKAKMGLWS,130,112
HLA-B*40:02,YDSFKEWRE,24,113
HLA-B*40:02,FVGEWWAIH,179,114
HLA-B*40:02,TCWCRDKLR,153,115
HLA-B*40:02,FNFQNMNLC,45,116
HLA-B*40:02,ENFDCFRWW,118,117
HLA-B*40:02,NQVLVIDLY,137,118
HLA-B*40:02,FHKRKGYKM,38,119
HLA-B*40:02,SGWWPGFHT,59,120
HLA-B*40:02,IRTFCGLPD,142,121
HLA-B*40:02,TAIGGNPLC,108,122
HLA-B*40:02,IQWEGFIKH,79,123
HLA-B*40:02,DCAAPIHNP,192,124
HLA-B*40:02,QKKCRHQIG,189,125
HLA-B*40:02,CHACFGVDP,171,126
HLA-B*40:02,TVADNDRTL,125,127
HLA-B*40:02,CCLHLCGMY,80,128
HLA-B*40:02,FNECVQQQH,148,129
HLA-B*40:02,MFEQPPTGW,178,130
HLA-B*40:02,HCPMGEEpitopePredictionP,116,131
HLA-B*40:02,NLCKRGIPM,67,132
HLA-B*40:02,KCKIEYPDK,83,133
HLA-B*40:02,VAAWMKILF,61,134
HLA-B*40:02,WCRKNYLKK,82,135
HLA-B*40:02,FKLLPIPKK,133,136
HLA-B*40:02,NKVALWICH,155,137
HLA-B*40:02,RGLHNALYW,106,138
HLA-B*40:02,GQPGCMLKT,52,139
HLA-B*40:02,YYPRDWTQF,78,140
HLA-B*40:02,GIRVLENFD,163,141
HLA-B*40:02,WYVGTWGHS,136,142
HLA-B*40:02,DKATFHFHP,198,143
HLA-B*40:02,CAQHYTIMH,138,144
HLA-B*40:02,VNFCNLITW,40,145
HLA-B*40:02,QKPRCVVCP,196,146
HLA-B*40:02,NPHCNWFSY,158,147
HLA-B*40:02,MVNWSYTAP,167,148
HLA-B*40:02,NVTIFDSSM,109,149
HLA-B*40:02,PVNEDWHNM,172,150
HLA-B*40:02,LMEKNSGFH,190,151
HLA-B*40:02,ASTELYYWH,121,152
HLA-B*40:02,ICARRQPWC,159,153
HLA-B*40:02,QHVWDNITE,168,154
HLA-B*40:02,HLKTAEGIV,75,155
HLA-B*40:02,LHDDGKQKR,193,156
HLA-B*40:02,PYYLHAQAT,100,157
HLA-B*40:02,TAANSKHCV,107,158
HLA-B*40:02,YLIWHSGCP,145,159
HLA-B*40:02,MVGTQLCML,104,160
HLA-B*40:02,QANNKSIDC,135,161
HLA-B*40:02,CLRVRKQMM,91,162
HLA-B*40:02,STRQDFPVN,131,163
HLA-B*40:02,WMHRIKTTI,19,164
HLA-B*40:02,LKDDFRPTY,174,165
HLA-B*40:02,PGREMIDQT,115,166
HLA-B*40:02,DITMVKQFC,191,167
HLA-B*40:02,VSLKKCMIR,139,168
HLA-B*40:02,NSLDSATHH,185,169
HLA-B*40:02,NFGHCCFDE,184,170
HLA-B*40:02,CFTQINHRH,149,171
HLA-B*40:02,ITILSGTDL,54,172
HLA-B*40:02,WCQYGAREK,97,173
HLA-B*40:02,PGVGDKKSI,140,174
HLA-B*40:02,QLCIFNCVK,124,175
HLA-B*40:02,SMSDPQHRE,186,176
HLA-B*40:02,AHIDSQNKW,98,177
HLA-B*40:02,YTCEDKKCE,146,178
HLA-B*40:02,YPQFCDNRP,188,179
HLA-B*40:02,RKIPANKFE,160,180
HLA-B*40:02,CNMFKPGQH,127,181
HLA-B*40:02,FPCEGSWWH,182,182
HLA-B*40:02,CNWVAWHRK,102,183
HLA-B*40:02,FIIGNDGFN,180,184
HLA-B*40:02,SFREDAKMQ,164,185
HLA-B*40:02,YMISKDNKT,41,186
HLA-B*40:02,CIICWSYWK,152,187
HLA-B*40:02,FLAHTPIGE,176,188
HLA-B*40:02,KLYAYTTGE,105,189
HLA-B*40:02,CFHDCVCIW,81,190
HLA-B*40:02,FNALSVGRK,151,191
HLA-B*40:02,NFVRQYQEW,154,192
HLA-B*40:02,PMPADPDNK,199,193
HLA-B*40:02,PACTTEQCW,195,194
HLA-B*40:02,TAREDPCIP,170,195
HLA-B*40:02,VPVWESKYT,165,196
HLA-B*40:02,NAFAKVSIT,58,197
HLA-B*40:02,RNTCEQTME,123,198
HLA-B*40:02,FTKNDSEYW,162,199
HLA-B*40:02,FTRFNGMAK,77,200
HLA-B*58:01,RGLHNALYW,1,1
HLA-B*58:01,MNMRQVMPW,3,2
HLA-B*58:01,ATLVIVQPF,8,3
HLA-B*58:01,VAAWMKILF,5,4
HLA-B*58:01,FTKNDSEYW,4,5
HLA-B*58:01,NFVRQYQEW,13,6
HLA-B*58:01,FWFLQPHSW,7,7
HLA-B*58:01,MAAHQRMHL,6,8
HLA-B*58:01,YIGPSMFHM,10,9
HLA-B*58:01,ASTELYYWH,24,10
HLA-B*58:01,KAAPSVRSV,12,11
HLA-B*58:01,MVVHFMPLY,14,12
HLA-B*58:01,RGCFSQLAF,18,13
HLA-B*58:01,CAQHYTIMH,33,14
HLA-B*58:01,IGHPALYWC,27,15
HLA-B*58:01,RSTIILWFF,2,16
HLA-B*58:01,KMPWVEACF,26,17
HLA-B*58:01,IMMQLTQDI,17,18
HLA-B*58:01,PACTTEQCW,9,19
HLA-B*58:01,IIWFLSALF,15,20
HLA-B*58:01,NSLDSATHH,25,21
HLA-B*58:01,TAIGGNPLC,23,22
HLA-B*58:01,AMAHYNEWL,36,23
HLA-B*58:01,CVWWMIIWG,71,24
HLA-B*58:01,ITILSGTDL,22,25
HLA-B*58:01,CFTQINHRH,64,26
HLA-B*58:01,AHIDSQNKW,19,27
HLA-B*58:01,MVNWSYTAP,69,28
HLA-B*58:01,TAANSKHCV,45,29
HLA-B*58:01,MADLCRHVD,49,30
HLA-B*58:01,VSLKKCMIR,48,31
HLA-B*58:01,WMHRIKTTI,43,32
HLA-B*58:01,VNFCNLITW,16,33
HLA-B*58:01,MFEQPPTGW,20,34
HLA-B*58:01,NAFAKVSIT,58,35
HLA-B*58:01,SGWWPGFHT,85,36
HLA-B*58:01,KGCNVRETL,31,37
HLA-B*58:01,MVGTQLCML,30,38
HLA-B*58:01,GISVIAPAY,38,39
HLA-B*58:01,AGDPSSYVM,29,40
HLA-B*58:01,NSSSECISA,63,41
HLA-B*58:01,SQWMPHHWN,140,42
HLA-B*58:01,FALHGDVGA,52,43
HLA-B*58:01,CFHDCVCIW,11,44
HLA-B*58:01,QANNKSIDC,34,45
HLA-B*58:01,CRAWPPYSD,101,46
HLA-B*58:01,CIICWSYWK,95,47
HLA-B*58:01,ICARRQPWC,47,48
HLA-B*58:01,ENFDCFRWW,53,49
HLA-B*58:01,STRQDFPVN,94,50
HLA-B*58:01,NKVALWICH,130,51
HLA-B*58:01,QPPYMEWFI,110,52
HLA-B*58:01,KVDNVFEKS,66,53
HLA-B*58:01,FVGEWWAIH,60,54
HLA-B*58:01,WMLDMYWCA,72,55
HLA-B*58:01,RTLDMRSSV,35,56
HLA-B*58:01,KQASGTMYV,41,57
HLA-B*58:01,FIIGNDGFN,89,58
HLA-B*58:01,DKATFHFHP,162,59
HLA-B*58:01,DTHSDIFHS,84,60
HLA-B*58:01,GNAWQVFVV,68,61
HLA-B*58:01,RCDAKEpitopePredictionWN,100,62
HLA-B*58:01,REQQPQWHC,32,63
HLA-B*58:01,RWNPEASNF,21,64
HLA-B*58:01,KLYAYTTGE,40,65
HLA-B*58:01,IQWEGFIKH,109,66
HLA-B*58:01,DCAAPIHNP,167,67
HLA-B*58:01,RFDVWMFCA,83,68
HLA-B*58:01,DAWSILEIA,79,69
HLA-B*58:01,QCAFIVMWH,82,70
HLA-B*58:01,FMHLRYTFV,115,71
HLA-B*58:01,QCCDECFIF,44,72
HLA-B*58:01,MCDFYGHQM,51,73
HLA-B*58:01,AYVIRLFVH,114,74
HLA-B*58:01,GIRVLENFD,129,75
HLA-B*58:01,TVADNDRTL,77,76
HLA-B*58:01,RKIPANKFE,93,77
HLA-B*58:01,LDRVLDYLH,120,78
HLA-B*58:01,EpitopePredictionVMTQHKF,55,79
HLA-B*58:01,RKAKMGLWS,102,80
HLA-B*58:01,NQVLVIDLY,59,81
HLA-B*58:01,YTCEDKKCE,112,82
HLA-B*58:01,YLIWHSGCP,154,83
HLA-B*58:01,KSEFDRVMQ,86,84
HLA-B*58:01,YMISKDNKT,73,85
HLA-B*58:01,FHATHWWGF,42,86
HLA-B*58:01,EMYMHETTA,126,87
HLA-B*58:01,GSKTSFIPT,76,88
HLA-B*58:01,NVTIFDSSM,54,89
HLA-B*58:01,YYPRDWTQF,87,90
HLA-B*58:01,KIYDDYWSK,50,91
HLA-B*58:01,PWVLFPFCA,173,92
HLA-B*58:01,MYFHQFCYP,127,93
HLA-B*58:01,WHKTTNETY,75,94
HLA-B*58:01,NEIDSSYWS,152,95
HLA-B*58:01,QHVWDNITE,160,96
HLA-B*58:01,GIEEDDVTF,81,97
HLA-B*58:01,FNFQNMNLC,65,98
HLA-B*58:01,NPHCNWFSY,124,99
HLA-B*58:01,YDSFKEWRE,128,100
HLA-B*58:01,FMGISYDQA,92,101
HLA-B*58:01,HECAQKHRH,125,102
HLA-B*58:01,VRYSGGALF,39,103
HLA-B*58:01,PVNEDWHNM,70,104
HLA-B*58:01,DITMVKQFC,91,105
HLA-B*58:01,SDWSIALHS,135,106
HLA-B*58:01,DKECWSCWH,194,107
HLA-B*58:01,WHSNINNKV,138,108
HLA-B*58:01,SMSDPQHRE,80,109
HLA-B*58:01,TCLWSFQLR,155,110
HLA-B*58:01,GEGFVPIKY,61,111
HLA-B*58:01,DVPVVMVIQ,168,112
HLA-B*58:01,LLAGRMPVL,57,113
HLA-B*58:01,SEIRLPRDW,28,114
HLA-B*58:01,SVHDGHLMA,131,115
HLA-B*58:01,QDCKPQIKM,122,116
HLA-B*58:01,FCTIERYKL,88,117
HLA-B*58:01,HLKTAEGIV,145,118
HLA-B*58:01,FLAHTPIGE,74,119
HLA-B*58:01,CNMFKPGQH,99,120
HLA-B*58:01,RCESEIYNH,116,121
HLA-B*58:01,TCWCRDKLR,191,122
HLA-B*58:01,PGREMIDQT,184,123
HLA-B*58:01,PDHLLNFDS,200,124
HLA-B*58:01,CCLHLCGMY,62,125
HLA-B*58:01,TDHAQLYTS,165,126
HLA-B*58:01,RNTCEQTME,104,127
HLA-B*58:01,LKDDFRPTY,98,128
HLA-B*58:01,PYYLHAQAT,198,129
HLA-B*58:01,TEENVCWDH,180,130
HLA-B*58:01,RRQFRRIHV,141,131
HLA-B*58:01,TAREDPCIP,103,132
HLA-B*58:01,IQMDKWANV,90,133
HLA-B*58:01,PGVGDKKSI,121,134
HLA-B*58:01,DQTPCSIHA,149,135
HLA-B*58:01,SNADWNHPP,151,136
HLA-B*58:01,QLCIFNCVK,143,137
HLA-B*58:01,FPCEGSWWH,119,138
HLA-B*58:01,SRYHAQDIF,46,139
HLA-B*58:01,NFGHCCFDE,150,140
HLA-B*58:01,LWAQVLMAQ,78,141
HLA-B*58:01,MRISVQQPC,37,142
HLA-B*58:01,IRTFCGLPD,106,143
HLA-B*58:01,GLKWMKMGL,117,144
HLA-B*58:01,VPVWESKYT,156,145
HLA-B*58:01,DDIEMMLHS,172,146
HLA-B*58:01,KDKYRWMQP,170,147
HLA-B*58:01,NLCKRGIPM,134,148
HLA-B*58:01,MREKSKMMY,108,149
HLA-B*58:01,CHACFGVDP,192,150
HLA-B*58:01,LQRMHARYV,175,151
HLA-B*58:01,RHWFSMDNM,56,152
HLA-B*58:01,FDNDWCEIK,161,153
HLA-B*58:01,EVPISAINL,123,154
HLA-B*58:01,CLRVRKQMM,118,155
HLA-B*58:01,EIVHCHLEG,96,156
HLA-B*58:01,LMEKNSGFH,148,157
HLA-B*58:01,EFDVLVGSS,177,158
HLA-B*58:01,NYVQMVTMV,139,159
HLA-B*58:01,KYEVHSIDA,187,160
HLA-B*58:01,WCMVENPMN,97,161
HLA-B*58:01,ACLQVCVAN,111,162
HLA-B*58:01,FHKRKGYKM,105,163
HLA-B*58:01,GQPGCMLKT,189,164
HLA-B*58:01,WNWLCQQKA,147,165
HLA-B*58:01,HDYQEHCSV,113,166
HLA-B*58:01,QRKDGLVNL,153,167
HLA-B*58:01,WYVGTWGHS,146,168
HLA-B*58:01,PEGYNCAAY,176,169
HLA-B*58:01,EWMVFYIIK,157,170
HLA-B*58:01,LHDDGKQKR,190,171
HLA-B*58:01,FNECVQQQH,144,172
HLA-B*58:01,DRCPFMPCM,132,173
HLA-B*58:01,ACPDFGKQM,166,174
HLA-B*58:01,CNWVAWHRK,136,175
HLA-B*58:01,SMECVPMAP,174,176
HLA-B*58:01,PVHRYTQDV,158,177
HLA-B*58:01,DQACLWGTG,181,178
HLA-B*58:01,IEHEEMSIP,182,179
HLA-B*58:01,WQRNRYLSS,186,180
HLA-B*58:01,QKKCRHQIG,193,181
HLA-B*58:01,EAECPPFFG,107,182
HLA-B*58:01,SFREDAKMQ,188,183
HLA-B*58:01,QKPRCVVCP,199,184
HLA-B*58:01,HWPMHISAG,197,185
HLA-B*58:01,CCLMMTRRR,171,186
HLA-B*58:01,YPQFCDNRP,178,187
HLA-B*58:01,WHIGWYRPP,185,188
HLA-B*58:01,FTRFNGMAK,133,189
HLA-B*58:01,KCKIEYPDK,163,190
HLA-B*58:01,WCRKNYLKK,183,191
HLA-B*58:01,RHLEQRPGA,159,192
HLA-B*58:01,FNALSVGRK,142,193
HLA-B*58:01,KEYHMDISG,67,194
HLA-B*58:01,GYNVFPSNG,137,195
HLA-B*58:01,FKLLPIPKK,169,196
HLA-B*58:01,TDWDHSEQG,164,197
HLA-B*58:01,WCQYGAREK,179,198
HLA-B*58:01,HCPMGEEpitopePredictionP,196,199
HLA-B*58:01,PMPADPDNK,195,200
